campaign_id	campaign_name	adset_id	adset_name	ad_id	ad_name	spend	result	mobile_app_actions	mobile_app_start	page_engagement	post_share	post_comment	post_engagement	post_like	clicks_to_play_video	3_second_video_view	unique_result	unique_mobile_app_actions	unique_mobile_app_start	cost_per_result	cost_mobile_app_actions	cost_per_mobile_app_start	impressions	cpm	reach	inline_link_clicks	cpc_link	inline_link_click_ctr	unique_inline_link_clicks	cost_per_unique_inline_link_click	unique_inline_link_click_ctr	app_store_clicks	button_clicks	date_start	date_stop	request_time	social_impressions	social_reach	cost_per_10_sec_video_view	10_second_video_views	30_second_video_views	video_watches_at_p25	video_watches_at_p50	video_watches_at_p75	video_watches_at_p95	video_watches_at_p100	video_average_watch_time	video_average_percentage_watched
23842602465710341	EliAds_and_SA_0614_test					25.35	39	2950	258	591			591	14			39	43	43	0.65	0.008593	0.098256	23153	1.094891	20418	577	0.043934	2.492118	555	0.045676	2.71819	13	6	2017-06-29	2017-06-29	00:28:48	459	459										
23842601900310341	EliAds_ios_ph_0613					0.01																	38	0.263158	25	0	0	0	0	0	0	0	0	2017-06-29	2017-06-29	00:28:48	11	1										
23842601519620341	EliAds_and_ph_0612					5.06	16	749	72	171	1	2	168	51			16	16	16	0.31625	0.006756	0.070278	5317	0.951664	5133	114	0.044386	2.144066	108	0.046852	2.104033	92	81	2017-06-29	2017-06-29	00:28:49	1871	1802										
23842588342520341	EliAds_and_SA_0525_1					47.66	62	3667	389	1308	1		1305	14			62	69	67	0.76871	0.012997	0.122519	75480	0.631426	62477	1290	0.036946	1.709062	1258	0.037886	2.013541	47	18	2017-06-29	2017-06-29	00:28:51	1209	1138										
23842602465710341	EliAds_and_SA_0614_test					27.41	42	3165	281	642			642	14			42	46	46	0.652619	0.00866	0.097544	24890	1.101245	21795	628	0.043646	2.523102	605	0.045306	2.775866	16	8	2017-06-29	2017-06-29	00:58:35	494	494										
23842601900310341	EliAds_ios_ph_0613					0.01																	38	0.263158	25	0	0	0	0	0	0	0	0	2017-06-29	2017-06-29	00:58:35	11	1										
23842601519620341	EliAds_and_ph_0612					5.13	16	828	76	174	1	2	171	53			16	16	16	0.320625	0.006196	0.0675	5391	0.951586	5189	115	0.044609	2.133185	109	0.047064	2.100597	94	82	2017-06-29	2017-06-29	00:58:35	1892	1824										
23842588342520341	EliAds_and_SA_0525_1					51.13	67	4200	438	1418	1		1415	14			67	75	73	0.763134	0.012174	0.116735	80472	0.635376	66159	1400	0.036521	1.739736	1365	0.037458	2.063211	53	20	2017-06-29	2017-06-29	00:58:36	1332	1213										
23842602465710341	EliAds_and_SA_0614_test					29.9	46	3421	314	698			698	15			46	50	50	0.65	0.00874	0.095223	26853	1.11347	23730	683	0.043777	2.543477	658	0.045441	2.772861	17	9	2017-06-29	2017-06-29	01:28:36	517	517										
23842601900310341	EliAds_ios_ph_0613					0.01																	38	0.263158	25	0	0	0	0	0	0	0	0	2017-06-29	2017-06-29	01:28:37	11	1										
23842601519620341	EliAds_and_ph_0612					5.22	18	951	87	179	1	2	176	53			18	18	18	0.29	0.005489	0.06	5461	0.955869	5252	120	0.0435	2.1974	114	0.045789	2.170602	98	85	2017-06-29	2017-06-29	01:28:37	1911	1841										
23842588342520341	EliAds_and_SA_0525_1					54.73	73	4616	479	1518	1		1514	15			73	81	79	0.749726	0.011857	0.114259	85785	0.63799	69794	1498	0.036535	1.746226	1458	0.037538	2.089005	55	22	2017-06-29	2017-06-29	01:28:38	1503	1404										
23842602465710341	EliAds_and_SA_0614_test					32.27	50	3811	355	754			754	16			50	55	55	0.6454	0.008468	0.090901	28794	1.12072	25170	738	0.043726	2.563034	710	0.045451	2.820818	20	13	2017-06-29	2017-06-29	01:58:34	557	557										
23842601900310341	EliAds_ios_ph_0613					0.01																	39	0.25641	26	0	0	0	0	0	0	0	0	2017-06-29	2017-06-29	01:58:34	11	1										
23842601519620341	EliAds_and_ph_0612					5.3	18	991	90	181	1	2	178	53			18	18	18	0.294444	0.005348	0.058889	5543	0.956161	5350	122	0.043443	2.200974	116	0.04569	2.168224	99	89	2017-06-29	2017-06-29	01:58:35	1940	1877										
23842588342520341	EliAds_and_SA_0525_1					58.36	77	5125	537	1629	1	1	1625	15			77	88	86	0.757922	0.011387	0.108678	91445	0.638198	73970	1608	0.036294	1.758434	1562	0.037362	2.111667	68	25	2017-06-29	2017-06-29	01:58:36	1689	1605										
23842602465710341	EliAds_and_SA_0614_test					34.59	57	4124	388	789			789	16			57	62	61	0.606842	0.008387	0.089149	30658	1.128254	26551	773	0.044748	2.521365	741	0.04668	2.790855	21	14	2017-06-29	2017-06-29	02:28:43	590	590										
23842601900310341	EliAds_ios_ph_0613					0.01																	39	0.25641	26	0	0	0	0	0	0	0	0	2017-06-29	2017-06-29	02:28:44	11	1										
23842601519620341	EliAds_and_ph_0612					5.34	18	1031	93	183	1	2	180	54			18	18	18	0.296667	0.005179	0.057419	5591	0.955106	5395	123	0.043415	2.199964	116	0.046034	2.150139	99	89	2017-06-29	2017-06-29	02:28:44	1949	1886										
23842588342520341	EliAds_and_SA_0525_1					61.95	85	5935	608	1713	1	1	1709	15			85	98	96	0.728824	0.010438	0.101891	96807	0.639933	78109	1692	0.036613	1.747807	1644	0.037682	2.104751	76	28	2017-06-29	2017-06-29	02:28:45	1926	1913										
23842602465710341	EliAds_and_SA_0614_test					36.69	59	4643	420	839			839	16			59	65	63	0.621864	0.007902	0.087357	32474	1.129827	28025	823	0.044581	2.534335	789	0.046502	2.815343	22	14	2017-06-29	2017-06-29	02:58:41	638	631										
23842601900310341	EliAds_ios_ph_0613					0.01																	39	0.25641	27	0	0	0	0	0	0	0	0	2017-06-29	2017-06-29	02:58:41	11	1										
23842601519620341	EliAds_and_ph_0612					5.4	18	1054	94	186	1	2	183	55			18	18	18	0.3	0.005123	0.057447	5637	0.957956	5450	125	0.0432	2.217492	117	0.046154	2.146789	99	91	2017-06-29	2017-06-29	02:58:41	1965	1908										
23842588342520341	EliAds_and_SA_0525_1					64.71	92	6602	682	1792	1	1	1788	15			92	105	102	0.70337	0.009802	0.094883	101086	0.640148	80944	1771	0.036539	1.751974	1723	0.037557	2.128632	86	29	2017-06-29	2017-06-29	02:58:42	2077	2077										
23842602465710341	EliAds_and_SA_0614_test					38.98	66	5216	474	896			896	18			66	73	72	0.590606	0.007473	0.082236	34339	1.135152	29437	878	0.044396	2.55686	842	0.046295	2.860346	25	16	2017-06-29	2017-06-29	03:28:36	692	690										
23842601900310341	EliAds_ios_ph_0613					0.01																	41	0.243902	28	0	0	0	0	0	0	0	0	2017-06-29	2017-06-29	03:28:36	11	1										
23842601519620341	EliAds_and_ph_0612					5.46	19	1077	97	193	1	2	190	56			19	19	19	0.287368	0.00507	0.056289	5684	0.960591	5493	131	0.041679	2.304715	123	0.04439	2.239214	103	96	2017-06-29	2017-06-29	03:28:36	1981	1924										
23842588342520341	EliAds_and_SA_0525_1					67.98	95	7122	721	1877	1	1	1872	15			95	109	106	0.715579	0.009545	0.094286	106003	0.641303	84698	1855	0.036647	1.74995	1807	0.03762	2.133462	91	31	2017-06-29	2017-06-29	03:28:37	2264	2216										
23842602465710341	EliAds_and_SA_0614_test					41.39	70	5647	514	947			947	19			71	76	75	0.591286	0.00733	0.080525	36280	1.140849	31048	928	0.044601	2.557883	888	0.04661	2.860088	26	17	2017-06-29	2017-06-29	03:58:35	760	760										
23842601900310341	EliAds_ios_ph_0613					0.01																	41	0.243902	28	0	0	0	0	0	0	0	0	2017-06-29	2017-06-29	03:58:36	11	1										
23842601519620341	EliAds_and_ph_0612					5.52	20	1133	101	200	1	2	197	57			20	20	20	0.276	0.004872	0.054653	5733	0.962847	5536	137	0.040292	2.389674	129	0.042791	2.330202	107	101	2017-06-29	2017-06-29	03:58:36	1994	1935										
23842588342520341	EliAds_and_SA_0525_1					71.04	98	7527	761	1963	1	1	1958	18			98	114	111	0.724898	0.009438	0.093351	110420	0.643362	88073	1938	0.036656	1.755117	1886	0.037667	2.141405	97	34	2017-06-29	2017-06-29	03:58:46	2429	2403										
23842602465710341	EliAds_and_SA_0614_test					43.81	72	6071	539	990			990	19			72	78	77	0.608472	0.007216	0.08128	38269	1.144791	32727	971	0.045118	2.537302	930	0.047108	2.84169	27	18	2017-06-29	2017-06-29	04:28:35	833	818										
23842601900310341	EliAds_ios_ph_0613					0.01																	41	0.243902	28	0	0	0	0	0	0	0	0	2017-06-29	2017-06-29	04:28:36	11	1										
23842601519620341	EliAds_and_ph_0612					5.65	21	1173	106	203	1	2	200	58			21	21	21	0.269048	0.004817	0.053302	5826	0.969791	5605	139	0.040647	2.385857	131	0.04313	2.337199	109	103	2017-06-29	2017-06-29	04:28:36	2024	1965										
23842588342520341	EliAds_and_SA_0525_1					73.7	103	8005	804	2045	1	1	2040	23			103	120	117	0.715534	0.009207	0.091667	114407	0.644191	91018	2015	0.036576	1.761256	1960	0.037602	2.15342	100	37	2017-06-29	2017-06-29	04:28:37	2550	2513										
23842602465710341	EliAds_and_SA_0614_test					45.87	79	6410	585	1047			1047	20			79	85	84	0.580633	0.007156	0.07841	40146	1.14258	34278	1027	0.044664	2.558163	984	0.046616	2.870646	29	20	2017-06-29	2017-06-29	04:58:37	876	876										
23842601900310341	EliAds_ios_ph_0613					0.01																	41	0.243902	28	0	0	0	0	0	0	0	0	2017-06-29	2017-06-29	04:58:37	11	1										
23842601519620341	EliAds_and_ph_0612					5.82	22	1188	108	216	1	2	213	62			22	22	22	0.264545	0.004899	0.053889	5971	0.974711	5736	148	0.039324	2.478647	140	0.041571	2.440725	114	110	2017-06-29	2017-06-29	04:58:37	2064	2016										
23842588342520341	EliAds_and_SA_0525_1					75.9	109	8491	842	2108	1	1	2103	25			109	127	124	0.69633	0.008939	0.090143	118261	0.641801	93749	2076	0.036561	1.755439	2019	0.037593	2.153623	102	37	2017-06-29	2017-06-29	04:58:39	2662	2652										
23842602465710341	EliAds_and_SA_0614_test					48.61	80	6901	624	1111			1111	21			80	86	85	0.607625	0.007044	0.077901	42510	1.143496	36140	1090	0.044596	2.564103	1045	0.046517	2.891533	31	22	2017-06-29	2017-06-29	05:28:42	935	935										
23842601900310341	EliAds_ios_ph_0613					0.01																	41	0.243902	28	0	0	0	0	0	0	0	0	2017-06-29	2017-06-29	05:28:43	11	1										
23842601519620341	EliAds_and_ph_0612					6.04	23	1232	115	231	1	2	228	67			23	23	23	0.262609	0.004903	0.052522	6130	0.985318	5911	158	0.038228	2.577488	149	0.040537	2.520724	122	119	2017-06-29	2017-06-29	05:28:43	2117	2088										
23842588342520341	EliAds_and_SA_0525_1					78.1	110	8851	880	2182	1	1	2177	27			110	131	127	0.71	0.008824	0.08875	121760	0.641426	96499	2148	0.036359	1.764126	2086	0.03744	2.16168	107	38	2017-06-29	2017-06-29	05:28:44	2777	2777										
23842602465710341	EliAds_and_SA_0614_test					51.84	85	7422	674	1184			1184	23			85	92	91	0.609882	0.006985	0.076914	45338	1.143412	38496	1161	0.044651	2.560766	1112	0.046619	2.888612	31	22	2017-06-29	2017-06-29	05:58:38	1013	1013										
23842601900310341	EliAds_ios_ph_0613					0.01																	41	0.243902	28	0	0	0	0	0	0	0	0	2017-06-29	2017-06-29	05:58:38	11	1										
23842601519620341	EliAds_and_ph_0612					6.39	24	1305	122	242	2	2	239	68			24	24	24	0.26625	0.004897	0.052377	6451	0.990544	6198	167	0.038263	2.588746	158	0.040443	2.549209	129	128	2017-06-29	2017-06-29	05:58:39	2225	2192										
23842588342520341	EliAds_and_SA_0525_1					80.4	115	9279	929	2237	1	1	2232	29			115	136	132	0.69913	0.008665	0.086545	125293	0.641696	99111	2201	0.036529	1.756682	2135	0.037658	2.15415	111	38	2017-06-29	2017-06-29	05:58:40	2902	2883										
23842602465710341	EliAds_and_SA_0614_test					55.27	92	8006	733	1279			1279	25			92	100	98	0.600761	0.006904	0.075402	48471	1.140269	41046	1254	0.044075	2.587114	1202	0.045982	2.928422	34	22	2017-06-29	2017-06-29	06:28:36	1091	1091										
23842601900310341	EliAds_ios_ph_0613					0.01				2			2	1									42	0.238095	29	1	0.01	2.380952	1	0.01	3.448276	1	1	2017-06-29	2017-06-29	06:28:36	11	1										
23842601519620341	EliAds_and_ph_0612					6.58	24	1326	125	258	2	2	254	72			24	24	24	0.274167	0.004962	0.05264	6637	0.991412	6379	178	0.036966	2.681935	168	0.039167	2.633642	137	136	2017-06-29	2017-06-29	06:28:37	2281	2261										
23842588342520341	EliAds_and_SA_0525_1					82.59	118	9757	970	2305	1	1	2300	30			118	141	137	0.699915	0.008465	0.085144	128863	0.640913	104073	2268	0.036415	1.760009	2196	0.037609	2.110057	117	38	2017-06-29	2017-06-29	06:28:37	3011	3011										
23842602465710341	EliAds_and_SA_0614_test					58.18	97	8442	788	1345			1345	26			97	106	105	0.599794	0.006892	0.073832	51215	1.135995	43130	1319	0.044109	2.575417	1264	0.046028	2.930675	34	23	2017-06-29	2017-06-29	06:58:36	1155	1128										
23842601900310341	EliAds_ios_ph_0613					0.01				2			2	1									42	0.238095	29	1	0.01	2.380952	1	0.01	3.448276	1	1	2017-06-29	2017-06-29	06:58:37	11	1										
23842601519620341	EliAds_and_ph_0612					6.98	26	1396	133	273	3	2	269	74			26	26	26	0.268462	0.005	0.052481	6955	1.003595	6671	190	0.036737	2.731848	179	0.038994	2.683256	146	148	2017-06-29	2017-06-29	06:58:38	2404	2370										
23842588342520341	EliAds_and_SA_0525_1					84.4	121	10000	998	2359	1	1	2354	32			121	145	141	0.697521	0.00844	0.084569	131802	0.640354	106547	2320	0.036379	1.760216	2247	0.037561	2.108928	123	41	2017-06-29	2017-06-29	06:58:38	3102	3102										
23842602465710341	EliAds_and_SA_0614_test					61.48	101	8866	834	1411			1411	28			101	113	112	0.608713	0.006934	0.073717	54112	1.136162	45568	1383	0.044454	2.55581	1327	0.04633	2.912131	37	25	2017-06-29	2017-06-29	07:28:36	1252	1218										
23842601900310341	EliAds_ios_ph_0613					0.01				2			2	1									42	0.238095	29	1	0.01	2.380952	1	0.01	3.448276	1	1	2017-06-29	2017-06-29	07:28:36	11	1										
23842601519620341	EliAds_and_ph_0612					7.34	30	1619	151	293	3	2	288	83			30	30	30	0.244667	0.004534	0.048609	7276	1.008796	6959	200	0.0367	2.748763	189	0.038836	2.715907	152	156	2017-06-29	2017-06-29	07:28:37	2525	2483										
23842588342520341	EliAds_and_SA_0525_1					86.49	127	10392	1040	2423	1	1	2418	33			127	151	147	0.681024	0.008323	0.083163	134766	0.641779	108576	2383	0.036295	1.76825	2306	0.037507	2.123858	128	42	2017-06-29	2017-06-29	07:28:38	3183	3183										
23842602465710341	EliAds_and_SA_0614_test					64.11	104	9229	880	1482			1482	31			104	117	117	0.616442	0.006947	0.072852	56375	1.137206	47186	1451	0.044183	2.573836	1391	0.046089	2.947908	38	26	2017-06-29	2017-06-29	07:58:39	1303	1282										
23842601900310341	EliAds_ios_ph_0613					0.01				2			2	1									45	0.222222	31	1	0.01	2.222222	1	0.01	3.225806	1	1	2017-06-29	2017-06-29	07:58:47	11	1										
23842601519620341	EliAds_and_ph_0612					7.67	31	1724	168	305	3	4	300	85			31	31	31	0.247419	0.004449	0.045655	7529	1.018728	7144	208	0.036875	2.762651	197	0.038934	2.757559	155	162	2017-06-29	2017-06-29	07:58:48	2609	2538										
23842588342520341	EliAds_and_SA_0525_1					88.26	129	10750	1067	2462	1	1	2457	33			129	153	149	0.684186	0.00821	0.082718	137140	0.643576	110305	2422	0.036441	1.766078	2339	0.037734	2.120484	132	45	2017-06-29	2017-06-29	07:58:51	3264	3264										
23842602465710341	EliAds_and_SA_0614_test					67.61	108	9650	922	1538			1538	32			108	121	121	0.626019	0.007006	0.07333	58802	1.149791	49332	1506	0.044894	2.561137	1444	0.046821	2.927106	39	26	2017-06-29	2017-06-29	08:28:42	1346	1346										
23842601900310341	EliAds_ios_ph_0613					0.01				2			2	1									48	0.208333	34	1	0.01	2.083333	1	0.01	2.941176	1	1	2017-06-29	2017-06-29	08:28:43	11	1										
23842601519620341	EliAds_and_ph_0612					8.23	32	1860	182	317	3	4	311	88			32	32	32	0.257188	0.004425	0.04522	8037	1.024014	7631	216	0.038102	2.68757	204	0.040343	2.673306	160	165	2017-06-29	2017-06-29	08:28:43	2785	2720										
23842588342520341	EliAds_and_SA_0525_1					89.9	132	10892	1089	2505	1	1	2500	36			132	155	151	0.681061	0.008254	0.082553	139160	0.646019	111714	2462	0.036515	1.769187	2376	0.037837	2.12686	140	47	2017-06-29	2017-06-29	08:28:44	3329	3329										
23842602465710341	EliAds_and_SA_0614_test					70.35	114	10148	971	1590			1590	34			114	127	127	0.617105	0.006932	0.072451	60779	1.157472	50743	1556	0.045212	2.560095	1491	0.047183	2.938336	39	28	2017-06-29	2017-06-29	08:58:36	1397	1397										
23842601900310341	EliAds_ios_ph_0613					0.01				2			2	1									51	0.196078	35	1	0.01	1.960784	1	0.01	2.857143	1	1	2017-06-29	2017-06-29	08:58:37	11	1										
23842601519620341	EliAds_and_ph_0612					8.79	34	1922	188	339	3	4	333	100			34	34	34	0.258529	0.004573	0.046755	8521	1.031569	8109	226	0.038894	2.652271	213	0.041268	2.626711	166	172	2017-06-29	2017-06-29	08:58:37	2955	2903										
23842588342520341	EliAds_and_SA_0525_1					91.74	136	11232	1122	2546	1	1	2541	36			136	160	156	0.674559	0.008168	0.081765	141311	0.649206	113345	2503	0.036652	1.77127	2415	0.037988	2.130663	141	47	2017-06-29	2017-06-29	08:58:38	3381	3381										
23842602465710341	EliAds_and_SA_0614_test					72.95	117	10798	1037	1636			1636	35			117	131	131	0.623504	0.006756	0.070347	62812	1.161402	51785	1601	0.045565	2.548876	1533	0.047586	2.960317	40	29	2017-06-29	2017-06-29	09:28:35	1452	1452										
23842601900310341	EliAds_ios_ph_0613					0.01				2			2	1									52	0.192308	36	1	0.01	1.923077	1	0.01	2.777778	1	1	2017-06-29	2017-06-29	09:28:35	11	1										
23842601519620341	EliAds_and_ph_0612					9.29	36	2018	196	361	3	4	354	106			36	36	36	0.258056	0.004604	0.047398	9025	1.029363	8590	241	0.038548	2.67036	227	0.040925	2.642608	178	184	2017-06-29	2017-06-29	09:28:35	3131	3057										
23842588342520341	EliAds_and_SA_0525_1					94.31	137	11405	1145	2617	1	1	2612	37			137	162	158	0.688394	0.008269	0.082367	144598	0.652222	115529	2573	0.036654	1.779416	2480	0.038028	2.146647	149	48	2017-06-29	2017-06-29	09:28:36	3448	3448										
23842602465710341	EliAds_and_SA_0614_test					75.89	119	11165	1078	1678			1678	36			119	135	134	0.637731	0.006797	0.070399	65130	1.165208	53696	1642	0.046218	2.521112	1574	0.048215	2.931317	40	29	2017-06-29	2017-06-29	09:58:36	1505	1481										
23842601900310341	EliAds_ios_ph_0613					0.01				2			2	1									55	0.181818	39	1	0.01	1.818182	1	0.01	2.564103	1	1	2017-06-29	2017-06-29	09:58:36	11	1										
23842601519620341	EliAds_and_ph_0612					9.68	39	2178	207	379	3	4	372	112			39	39	39	0.248205	0.004444	0.046763	9384	1.031543	8910	253	0.038261	2.696078	239	0.040502	2.682379	185	195	2017-06-29	2017-06-29	09:58:37	3249	3167										
23842588342520341	EliAds_and_SA_0525_1					97.16	142	11776	1189	2677	1	1	2672	39			142	167	163	0.684225	0.008251	0.081716	148622	0.653739	117406	2631	0.036929	1.770263	2535	0.038327	2.159174	156	49	2017-06-29	2017-06-29	09:58:37	3538	3538										
23842602465710341	EliAds_and_SA_0614_test					79	123	11592	1115	1739			1739	36			124	140	139	0.642276	0.006815	0.070852	67505	1.170284	55417	1703	0.046389	2.522776	1633	0.048377	2.946749	41	30	2017-06-29	2017-06-29	10:28:37	1550	1550										
23842601900310341	EliAds_ios_ph_0613					0.02				2			2	1									60	0.333333	43	1	0.02	1.666667	1	0.02	2.325581	1	1	2017-06-29	2017-06-29	10:28:37	11	1										
23842601519620341	EliAds_and_ph_0612					10.13	43	2330	223	402	3	4	395	117			42	43	43	0.235581	0.004348	0.045426	9804	1.033252	9330	271	0.03738	2.764178	255	0.039725	2.733119	196	210	2017-06-29	2017-06-29	10:28:37	3412	3316										
23842588342520341	EliAds_and_SA_0525_1					100.43	147	12022	1221	2756	1	1	2751	40			147	173	168	0.683197	0.008354	0.082252	153093	0.656006	120646	2709	0.037073	1.769513	2610	0.038479	2.163354	158	49	2017-06-29	2017-06-29	10:28:39	3635	3635										
23842602465710341	EliAds_and_SA_0614_test					81.89	126	12165	1161	1791			1791	36			126	145	144	0.649921	0.006732	0.070534	69889	1.171715	57143	1755	0.046661	2.511125	1682	0.048686	2.943493	43	30	2017-06-29	2017-06-29	10:58:37	1594	1580										
23842601900310341	EliAds_ios_ph_0613					0.02				2			2	1									63	0.31746	46	1	0.02	1.587302	1	0.02	2.173913	1	1	2017-06-29	2017-06-29	10:58:38	11	1										
23842601519620341	EliAds_and_ph_0612					10.46	48	2495	238	424	3	4	417	124			48	47	47	0.217917	0.004192	0.04395	10143	1.031253	9655	286	0.036573	2.819679	270	0.038741	2.796479	207	223	2017-06-29	2017-06-29	10:58:38	3524	3449										
23842588342520341	EliAds_and_SA_0525_1					102.99	149	12286	1249	2808	1	1	2803	42			149	175	170	0.691208	0.008383	0.082458	156729	0.657122	123166	2759	0.037329	1.760363	2656	0.038776	2.156439	158	51	2017-06-29	2017-06-29	10:58:39	3718	3718										
23842602465710341	EliAds_and_SA_0614_test					84.46	129	12626	1203	1849			1849	36			129	149	148	0.654729	0.006689	0.070208	72186	1.170033	58914	1813	0.046586	2.511567	1737	0.048624	2.948365	46	31	2017-06-29	2017-06-29	11:28:58	1623	1603										
23842601900310341	EliAds_ios_ph_0613					0.02				2			2	1									64	0.3125	47	1	0.02	1.5625	1	0.02	2.12766	1	1	2017-06-29	2017-06-29	11:28:59	11	1										
23842601519620341	EliAds_and_ph_0612					10.64	50	2688	251	432	3	4	425	128			50	49	49	0.2128	0.003958	0.04239	10360	1.027027	9865	290	0.03669	2.799228	274	0.038832	2.777496	210	225	2017-06-29	2017-06-29	11:29:06	3595	3512										
23842588342520341	EliAds_and_SA_0525_1					105.58	152	12681	1296	2881	1	1	2876	43			152	179	173	0.694605	0.008326	0.081466	160297	0.658652	125776	2831	0.037294	1.766097	2725	0.038745	2.16655	160	52	2017-06-29	2017-06-29	11:29:07	3804	3804										
23842602465710341	EliAds_and_SA_0614_test					87.74	132	13029	1254	1917			1917	39			132	152	151	0.664697	0.006734	0.069968	75078	1.168651	60798	1878	0.04672	2.501399	1802	0.04869	2.963913	48	32	2017-06-29	2017-06-29	11:58:36	1669	1645										
23842601900310341	EliAds_ios_ph_0613					0.02				2			2	1									66	0.30303	50	1	0.02	1.515152	1	0.02	2	1	1	2017-06-29	2017-06-29	11:58:37	11	1										
23842601519620341	EliAds_and_ph_0612					10.78	51	2742	258	439	3	5	432	129			51	50	50	0.211373	0.003931	0.041783	10516	1.025105	9995	295	0.036542	2.805249	279	0.038638	2.791396	211	229	2017-06-29	2017-06-29	11:58:37	3654	3564										
23842588342520341	EliAds_and_SA_0525_1					109.51	159	13078	1346	2986	1	1	2981	47			158	186	180	0.688742	0.008374	0.08136	165611	0.661248	129063	2932	0.03735	1.770414	2823	0.038792	2.187304	162	53	2017-06-29	2017-06-29	11:58:39	3876	3876										
23842602465710341	EliAds_and_SA_0614_test					91.59	137	13198	1281	1996			1996	42			137	156	155	0.66854	0.00694	0.071499	78357	1.168881	63286	1954	0.046873	2.493715	1875	0.048848	2.962741	48	32	2017-06-29	2017-06-29	12:28:36	1719	1719										
23842601900310341	EliAds_ios_ph_0613					0.02				2			2	1									68	0.294118	51	1	0.02	1.470588	1	0.02	1.960784	1	1	2017-06-29	2017-06-29	12:28:36	11	1										
23842601519620341	EliAds_and_ph_0612					10.94	53	2784	266	448	3	5	441	133			53	52	52	0.206415	0.00393	0.041128	10707	1.021761	10180	300	0.036467	2.801905	284	0.038521	2.789784	217	233	2017-06-29	2017-06-29	12:28:36	3729	3633										
23842588342520341	EliAds_and_SA_0525_1					112.72	162	13428	1383	3067	1	1	3062	49			161	190	184	0.695802	0.008394	0.081504	169919	0.663375	131740	3011	0.037436	1.772021	2896	0.038923	2.198269	166	56	2017-06-29	2017-06-29	12:28:38	3969	3969										
23842602465710341	EliAds_and_SA_0614_test					95.21	141	13541	1323	2063			2063	46			141	160	159	0.675248	0.007031	0.071965	80964	1.175955	65419	2017	0.047204	2.491231	1937	0.049153	2.960913	52	32	2017-06-29	2017-06-29	12:58:36	1840	1840										
23842601900310341	EliAds_ios_ph_0613					0.02				2			2	1									70	0.285714	53	1	0.02	1.428571	1	0.02	1.886792	1	1	2017-06-29	2017-06-29	12:58:36	11	1										
23842601519620341	EliAds_and_ph_0612					11.08	55	2959	278	458	3	5	451	137			55	54	54	0.201455	0.003745	0.039856	10801	1.025831	10257	306	0.036209	2.833071	289	0.038339	2.817588	221	239	2017-06-29	2017-06-29	12:58:36	3761	3652										
23842588342520341	EliAds_and_SA_0525_1					115.43	163	14045	1444	3130	1	1	3125	50			162	192	186	0.70816	0.008219	0.079938	173698	0.664544	134424	3073	0.037563	1.769163	2955	0.039063	2.198268	169	56	2017-06-29	2017-06-29	12:58:37	4158	4158										
23842602465710341	EliAds_and_SA_0614_test					99.28	143	14057	1378	2119			2119	49			142	161	160	0.694266	0.007063	0.072046	83815	1.184514	67454	2070	0.047961	2.469725	1988	0.04994	2.947194	55	32	2017-06-29	2017-06-29	13:28:36	1970	1950										
23842601900310341	EliAds_ios_ph_0613					0.02				2			2	1									70	0.285714	53	1	0.02	1.428571	1	0.02	1.886792	1	1	2017-06-29	2017-06-29	13:28:37	11	1										
23842601519620341	EliAds_and_ph_0612					11.16	57	3070	287	464	3	5	457	137			57	56	56	0.195789	0.003635	0.038885	10880	1.025735	10346	312	0.035769	2.867647	295	0.037831	2.851344	224	245	2017-06-29	2017-06-29	13:28:37	3788	3682										
23842588342520341	EliAds_and_SA_0525_1					118.01	169	14784	1504	3179	1	1	3174	52			168	199	193	0.698284	0.007982	0.078464	177049	0.666539	136317	3120	0.037824	1.762224	2934	0.040222	2.152336	174	57	2017-06-29	2017-06-29	13:28:38	4339	4339										
23842602465710341	EliAds_and_SA_0614_test					101.36	144	14480	1416	2171			2171	49			143	163	162	0.703889	0.007	0.071582	85591	1.184237	68558	2122	0.047766	2.479233	2034	0.049833	2.966831	55	32	2017-06-29	2017-06-29	13:58:44	2023	2020										
23842601900310341	EliAds_ios_ph_0613					0.02				2			2	1									72	0.277778	55	1	0.02	1.388889	1	0.02	1.818182	1	1	2017-06-29	2017-06-29	13:58:48	11	1										
23842601519620341	EliAds_and_ph_0612					11.26	57	3211	294	469	3	5	462	137			57	57	57	0.197544	0.003507	0.038299	10979	1.025594	10442	317	0.035521	2.88733	300	0.037533	2.873013	229	249	2017-06-29	2017-06-29	13:58:48	3822	3713										
23842588342520341	EliAds_and_SA_0525_1					120.55	172	15457	1568	3247	1	1	3242	52			170	202	196	0.700872	0.007799	0.076881	180287	0.668656	137935	3188	0.037814	1.768292	3004	0.04013	2.177837	175	58	2017-06-29	2017-06-29	13:58:50	4437	4437										
23842602465710341	EliAds_and_SA_0614_test					103.19	144	14653	1437	2217			2217	52			143	165	163	0.716597	0.007042	0.071809	87323	1.181705	69684	2165	0.047663	2.479301	2075	0.04973	2.977728	58	32	2017-06-29	2017-06-29	14:28:37	2074	2064										
23842601900310341	EliAds_ios_ph_0613					0.02				2			2	1									73	0.273973	57	1	0.02	1.369863	1	0.02	1.754386	1	1	2017-06-29	2017-06-29	14:28:38	11	1										
23842601519620341	EliAds_and_ph_0612					11.3	58	3267	297	476	3	5	469	139			58	58	58	0.194828	0.003459	0.038047	11033	1.0242	10515	322	0.035093	2.918517	304	0.037171	2.891108	233	252	2017-06-29	2017-06-29	14:28:38	3833	3730										
23842588342520341	EliAds_and_SA_0525_1					123.45	181	16006	1627	3319	1	1	3314	52			179	213	206	0.682044	0.007713	0.075876	184134	0.670436	140432	3260	0.037868	1.77045	3064	0.04029	2.181839	178	59	2017-06-29	2017-06-29	14:28:39	4496	4496										
23842602465710341	EliAds_and_SA_0614_test					105.19	147	15046	1474	2268			2268	57			146	168	166	0.715578	0.006991	0.071364	89298	1.177966	70919	2211	0.047576	2.475979	2118	0.049665	2.986506	58	32	2017-06-29	2017-06-29	14:58:37	2123	2105										
23842601900310341	EliAds_ios_ph_0613					0.02				2			2	1									81	0.246914	64	1	0.02	1.234568	1	0.02	1.5625	1	1	2017-06-29	2017-06-29	14:58:37	11	1										
23842601519620341	EliAds_and_ph_0612					11.47	58	3336	301	484	3	5	477	140			58	58	58	0.197759	0.003438	0.038106	11229	1.021462	10660	329	0.034863	2.929914	311	0.036881	2.917448	240	259	2017-06-29	2017-06-29	14:58:38	3904	3876										
23842588342520341	EliAds_and_SA_0525_1					126.43	184	16662	1685	3381	1	1	3376	54			182	216	209	0.68712	0.007588	0.075033	188745	0.669846	142982	3320	0.038081	1.758987	3120	0.040522	2.182093	180	59	2017-06-29	2017-06-29	14:58:39	4553	4553										
23842602465710341	EliAds_and_SA_0614_test					106.82	153	15578	1527	2333			2333	58			152	175	173	0.69817	0.006857	0.069954	90954	1.17444	71905	2275	0.046954	2.501264	2178	0.049045	3.028997	58	32	2017-06-29	2017-06-29	15:28:36	2171	2169										
23842601900310341	EliAds_ios_ph_0613					0.02				2			2	1									84	0.238095	65	1	0.02	1.190476	1	0.02	1.538462	1	1	2017-06-29	2017-06-29	15:28:36	11	1										
23842601519620341	EliAds_and_ph_0612					11.58	59	3445	307	491	3	5	484	140			59	60	59	0.196271	0.003361	0.03772	11369	1.018559	10790	336	0.034464	2.955405	317	0.03653	2.937905	241	264	2017-06-29	2017-06-29	15:28:37	3939	3908										
23842588342520341	EliAds_and_SA_0525_1					129.3	189	17167	1745	3470	1	1	3465	55			187	228	218	0.684127	0.007532	0.074097	192552	0.671507	145545	3408	0.03794	1.769912	3214	0.04023	2.208252	184	59	2017-06-29	2017-06-29	15:28:37	4615	4615										
23842602465710341	EliAds_and_SA_0614_test					109.1	154	16052	1573	2405			2405	58			153	177	174	0.708442	0.006797	0.069358	93346	1.16877	73392	2347	0.046485	2.514302	2245	0.048597	3.058917	59	34	2017-06-29	2017-06-29	15:58:42	2227	2208										
23842601900310341	EliAds_ios_ph_0613					0.02				2			2	1									87	0.229885	66	1	0.02	1.149425	1	0.02	1.515152	1	1	2017-06-29	2017-06-29	15:58:42	11	1										
23842601519620341	EliAds_and_ph_0612					11.78	61	3605	322	501	3	5	493	143			61	62	61	0.193115	0.003268	0.036584	11565	1.018591	10961	342	0.034444	2.957198	323	0.036471	2.946811	245	268	2017-06-29	2017-06-29	15:58:43	4000	3961										
23842588342520341	EliAds_and_SA_0525_1					133.26	193	17883	1814	3575	1	1	3570	55			191	234	222	0.690466	0.007452	0.073462	197933	0.673258	148710	3513	0.037933	1.774843	3310	0.04026	2.225809	186	62	2017-06-29	2017-06-29	15:58:45	4665	4665										
23842602465710341	EliAds_and_SA_0614_test					111.01	160	16519	1618	2444			2444	58			159	185	181	0.693813	0.00672	0.068609	95322	1.164579	74583	2386	0.046526	2.503095	2283	0.048625	3.061019	61	34	2017-06-29	2017-06-29	16:29:05	2267	2237										
23842601900310341	EliAds_ios_ph_0613					0.03				2			2	1									93	0.322581	70	1	0.03	1.075269	1	0.03	1.428571	1	1	2017-06-29	2017-06-29	16:29:16	11	1										
23842601519620341	EliAds_and_ph_0612					11.91	61	3776	332	507	3	5	499	144			61	62	61	0.195246	0.003154	0.035873	11730	1.015345	11129	347	0.034323	2.958227	328	0.036311	2.947255	246	273	2017-06-29	2017-06-29	16:29:16	4049	4024										
23842588342520341	EliAds_and_SA_0525_1					135.81	198	18231	1854	3654	1	1	3649	58			196	240	227	0.685909	0.007449	0.073252	201570	0.673761	150706	3589	0.037841	1.780523	3380	0.04018	2.242777	187	62	2017-06-29	2017-06-29	16:29:17	4711	4711										
23842602465710341	EliAds_and_SA_0614_test					113.28	165	16962	1667	2490			2490	58			164	191	187	0.686545	0.006678	0.067954	97807	1.158199	76130	2432	0.046579	2.48653	2328	0.04866	3.057927	62	34	2017-06-29	2017-06-29	16:58:38	2352	2326										
23842601900310341	EliAds_ios_ph_0613					0.03		1		2			2	1				1			0.03		96	0.3125	72	1	0.03	1.041667	1	0.03	1.388889	1	1	2017-06-29	2017-06-29	16:58:38	11	1										
23842601519620341	EliAds_and_ph_0612					12.07	63	3972	348	520	4	5	512	148			63	64	63	0.191587	0.003039	0.034684	11923	1.012329	11259	355	0.034	2.977439	335	0.03603	2.975397	249	279	2017-06-29	2017-06-29	16:58:39	4110	4065										
23842588342520341	EliAds_and_SA_0525_1					139.71	202	18709	1906	3749	1	1	3744	60			200	247	234	0.691634	0.007468	0.0733	206740	0.675776	154180	3682	0.037944	1.780981	3470	0.040262	2.250616	190	64	2017-06-29	2017-06-29	16:58:40	4770	4770										
23842602465710341	EliAds_and_SA_0614_test					117.04	172	17735	1741	2563			2563	61			171	200	196	0.680465	0.006599	0.067226	101506	1.153035	78425	2502	0.046779	2.464879	2395	0.048868	3.053873	62	34	2017-06-29	2017-06-29	17:28:36	2423	2372										
23842601900310341	EliAds_ios_ph_0613					0.03		1		2			2	1				1			0.03		100	0.3	76	1	0.03	1	1	0.03	1.315789	1	1	2017-06-29	2017-06-29	17:28:36	11	1										
23842601519620341	EliAds_and_ph_0612					12.17	63	4154	358	529	4	5	521	149			63	65	64	0.193175	0.00293	0.033994	12055	1.00954	11351	363	0.033526	3.011199	343	0.035481	3.02176	254	284	2017-06-29	2017-06-29	17:28:37	4154	4092										
23842588342520341	EliAds_and_SA_0525_1					141.77	203	19647	1995	3787	1	1	3782	60			201	252	239	0.698374	0.007216	0.071063	209591	0.676413	156221	3720	0.03811	1.774885	3494	0.040575	2.236575	194	65	2017-06-29	2017-06-29	17:28:39	4804	4804										
23842602465710341	EliAds_and_SA_0614_test					120.03	174	18284	1789	2617			2617	61			173	202	198	0.689828	0.006565	0.067093	104175	1.152196	80215	2556	0.04696	2.453564	2446	0.049072	3.049305	69	37	2017-06-29	2017-06-29	17:58:37	2502	2445										
23842601900310341	EliAds_ios_ph_0613					0.03		1		2			2	1				1			0.03		103	0.291262	79	1	0.03	0.970874	1	0.03	1.265823	1	1	2017-06-29	2017-06-29	17:58:37	11	1										
23842601519620341	EliAds_and_ph_0612					12.29	63	4283	363	539	4	5	531	151			63	65	64	0.195079	0.002869	0.033857	12208	1.006717	11450	371	0.033127	3.038991	351	0.035014	3.065502	258	288	2017-06-29	2017-06-29	17:58:37	4202	4129										
23842588342520341	EliAds_and_SA_0525_1					143.31	209	20418	2071	3833	1	1	3828	60			207	259	246	0.685694	0.007019	0.069198	212071	0.675764	157787	3766	0.038054	1.77582	3540	0.040483	2.243531	196	67	2017-06-29	2017-06-29	17:58:38	4810	4810										
23842602465710341	EliAds_and_SA_0614_test					4.97	7	122	21	121			121	2			7	7	7	0.71	0.040738	0.236667	4554	1.091348	4236	119	0.041765	2.613087	117	0.042479	2.76204	0	0	2017-06-29	2017-06-29	18:28:37	44	44										
23842601900310341	EliAds_ios_ph_0613					0																	1	0	1	0	0	0	0	0	0	0	0	2017-06-29	2017-06-29	18:28:38	0	0										
23842601519620341	EliAds_and_ph_0612					0.12	1	4	1	7			7				1	1	1	0.12	0.03	0.12	95	1.263158	91	7	0.017143	7.368421	7	0.017143	7.692308	4	5	2017-06-29	2017-06-29	18:28:38	32	32										
23842588342520341	EliAds_and_SA_0525_1					2.32	3	97	9	61			61				3	4	3	0.773333	0.023918	0.257778	4065	0.570726	3886	61	0.038033	1.500615	60	0.038667	1.544004	5	0	2017-06-29	2017-06-29	18:28:39	38	38										
23842602465710341	EliAds_and_SA_0614_test					9.3	16	510	60	211	1		211	2			16	16	16	0.58125	0.018235	0.155	9109	1.020968	8367	208	0.044712	2.283456	204	0.045588	2.43815	0	0	2017-06-29	2017-06-29	18:58:52	117	104										
23842601900310341	EliAds_ios_ph_0613					0																	3	0	3	0	0	0	0	0	0	0	0	2017-06-29	2017-06-29	18:58:53	0	0										
23842601519620341	EliAds_and_ph_0612					0.24	1	22	4	16			16				1	1	1	0.24	0.010909	0.06	255	0.941176	249	16	0.015	6.27451	16	0.015	6.425703	7	12	2017-06-29	2017-06-29	18:58:54	81	80										
23842588342520341	EliAds_and_SA_0525_1					7.12	9	321	38	163			163	1			9	10	9	0.791111	0.022181	0.187368	11146	0.638794	10431	162	0.043951	1.453436	160	0.0445	1.533889	10	1	2017-06-29	2017-06-29	18:58:56	186	186										
23842602465710341	EliAds_and_SA_0614_test					12.66	21	731	83	294	1		294	2			21	22	21	0.602857	0.017319	0.15253	12411	1.020063	11417	291	0.043505	2.344694	287	0.044111	2.513795	1	0	2017-06-29	2017-06-29	19:28:36	169	166										
23842601900310341	EliAds_ios_ph_0613					0																	8	0	8	0	0	0	0	0	0	0	0	2017-06-29	2017-06-29	19:28:37	0	0										
23842601519620341	EliAds_and_ph_0612					0.44	2	124	9	22			22				2	2	2	0.22	0.003548	0.048889	557	0.789946	536	22	0.02	3.949731	22	0.02	4.104478	11	19	2017-06-29	2017-06-29	19:28:37	193	190										
23842588342520341	EliAds_and_SA_0525_1					10.41	13	500	60	250			250	3			13	15	14	0.800769	0.02082	0.1735	17034	0.611131	15614	247	0.042146	1.450041	245	0.04249	1.569105	14	3	2017-06-29	2017-06-29	19:28:39	318	318										
23842602465710341	EliAds_and_SA_0614_test					15.82	25	966	107	368	1		368	4			25	27	25	0.6328	0.016377	0.14785	15680	1.008929	14187	363	0.043581	2.315051	357	0.044314	2.516388	1	0	2017-06-29	2017-06-29	19:58:36	254	243										
23842601900310341	EliAds_ios_ph_0613					0																	13	0	12	0	0	0	0	0	0	0	0	2017-06-29	2017-06-29	19:58:37	0	0										
23842601519620341	EliAds_and_ph_0612					0.65	5	233	24	35			35	1			5	5	5	0.13	0.00279	0.027083	841	0.772889	814	34	0.019118	4.042806	34	0.019118	4.176904	15	28	2017-06-29	2017-06-29	19:58:37	299	295										
23842588342520341	EliAds_and_SA_0525_1					12.88	14	626	69	327	2		327	5			14	16	15	0.92	0.020575	0.186667	21675	0.594233	19628	320	0.04025	1.476355	317	0.040631	1.61504	19	6	2017-06-29	2017-06-29	19:58:38	429	429										
23842602465710341	EliAds_and_SA_0614_test					18.49	31	1271	147	453	1		452	7			31	32	30	0.596452	0.014548	0.125782	18797	0.983668	16887	444	0.041644	2.362079	438	0.042215	2.593711	4	2	2017-06-29	2017-06-29	20:28:39	337	330										
23842601900310341	EliAds_ios_ph_0613					0																	17	0	16	0	0	0	0	0	0	0	0	2017-06-29	2017-06-29	20:28:39	0	0										
23842601519620341	EliAds_and_ph_0612					0.84	6	322	36	57			57	4			6	6	6	0.14	0.002609	0.023333	1165	0.72103	1129	53	0.015849	4.549356	50	0.0168	4.428698	19	46	2017-06-29	2017-06-29	20:28:40	400	395										
23842588342520341	EliAds_and_SA_0525_1					14.85	21	836	95	393	2		393	5			21	23	22	0.707143	0.017763	0.156316	25929	0.572718	23142	386	0.038472	1.488681	382	0.038874	1.650678	23	6	2017-06-29	2017-06-29	20:28:41	498	498										
23842602465710341	EliAds_and_SA_0614_test					21.33	37	1538	180	524	1		523	7			37	40	38	0.576486	0.013869	0.1185	21918	0.973173	19353	515	0.041417	2.349667	505	0.042238	2.609415	4	3	2017-06-29	2017-06-29	20:58:37	431	428										
23842601900310341	EliAds_ios_ph_0613					0																	20	0	19	0	0	0	0	0	0	0	0	2017-06-29	2017-06-29	20:58:38	0	0										
23842601519620341	EliAds_and_ph_0612					1.11	7	373	42	73			72	7			7	7	7	0.158571	0.002976	0.026429	1616	0.686881	1568	65	0.017077	4.022277	61	0.018197	3.890306	23	56	2017-06-29	2017-06-29	20:58:38	561	553										
23842588342520341	EliAds_and_SA_0525_1					17.06	25	1159	123	447	2		447	5			25	27	26	0.6824	0.01472	0.138699	30665	0.556335	27152	440	0.038773	1.434861	434	0.039309	1.598409	26	8	2017-06-29	2017-06-29	20:58:40	562	562										
23842602465710341	EliAds_and_SA_0614_test					23.99	41	1933	209	625	1		624	8			41	45	43	0.585122	0.012411	0.114785	24923	0.962565	21795	615	0.039008	2.4676	595	0.040319	2.729984	5	3	2017-06-29	2017-06-29	21:28:44	517	517										
23842601900310341	EliAds_ios_ph_0613					0																	21	0	20	0	0	0	0	0	0	0	0	2017-06-29	2017-06-29	21:28:45	0	0										
23842601519620341	EliAds_and_ph_0612					1.43	8	422	47	90			88	11			8	8	8	0.17875	0.003389	0.030426	2155	0.663573	2097	77	0.018571	3.573086	73	0.019589	3.481164	27	64	2017-06-29	2017-06-29	21:28:45	773	761										
23842588342520341	EliAds_and_SA_0525_1					19.77	30	1263	141	523	2		523	5			30	32	31	0.659	0.015653	0.140213	35972	0.549594	31706	516	0.038314	1.434449	507	0.038994	1.599066	27	9	2017-06-29	2017-06-29	21:28:48	649	649										
23842602465710341	EliAds_and_SA_0614_test					26.98	44	2145	237	688	1		687	8			44	49	47	0.613182	0.012578	0.11384	27994	0.963778	24551	678	0.039794	2.421948	658	0.041003	2.680135	5	3	2017-06-29	2017-06-29	21:58:58	582	582										
23842601900310341	EliAds_ios_ph_0613					0																	24	0	23	0	0	0	0	0	0	0	0	2017-06-29	2017-06-29	21:58:58	0	0										
23842601519620341	EliAds_and_ph_0612					1.75	8	486	51	112			110	15			8	8	8	0.21875	0.003601	0.034314	2636	0.663885	2564	95	0.018421	3.603945	91	0.019231	3.549142	36	77	2017-06-29	2017-06-29	21:58:59	948	928										
23842588342520341	EliAds_and_SA_0525_1					23.56	34	1441	161	621	2		621	5			34	36	35	0.692941	0.01635	0.146335	43731	0.538748	38238	614	0.038371	1.404038	599	0.039332	1.566505	31	9	2017-06-29	2017-06-29	21:59:04	724	724										
23842602465710341	EliAds_and_SA_0614_test					30.47	49	2459	269	762	1		761	9			49	56	54	0.621837	0.012391	0.113271	31190	0.976916	27353	751	0.040573	2.407823	729	0.041797	2.665156	7	6	2017-06-29	2017-06-29	22:28:47	704	704										
23842601900310341	EliAds_ios_ph_0613					0																	29	0	26	0	0	0	0	0	0	0	0	2017-06-29	2017-06-29	22:28:48	0	0										
23842601519620341	EliAds_and_ph_0612					2.19	10	603	58	147			144	25			10	10	10	0.219	0.003632	0.037759	3199	0.684589	3114	119	0.018403	3.719912	114	0.019211	3.660886	51	99	2017-06-29	2017-06-29	22:28:48	1158	1135										
23842588342520341	EliAds_and_SA_0525_1					27.46	42	1941	213	741	2		741	5			42	44	43	0.65381	0.014147	0.12892	52158	0.526477	45151	734	0.037411	1.407263	717	0.038298	1.588005	33	10	2017-06-29	2017-06-29	22:28:49	826	826										
23842602465710341	EliAds_and_SA_0614_test					33.28	54	2875	305	840	1		839	11			54	60	58	0.616296	0.011576	0.109115	34386	0.967836	30077	827	0.040242	2.405049	800	0.0416	2.65984	9	8	2017-06-29	2017-06-29	22:58:37	777	758										
23842601900310341	EliAds_ios_ph_0613					0																	34	0	30	0	0	0	0	0	0	0	0	2017-06-29	2017-06-29	22:58:37	0	0										
23842601519620341	EliAds_and_ph_0612					2.53	10	715	62	170	2		167	29			10	10	10	0.253	0.003538	0.040806	3652	0.692771	3559	136	0.018603	3.723987	131	0.019313	3.680809	59	112	2017-06-29	2017-06-29	22:58:37	1323	1298										
23842588342520341	EliAds_and_SA_0525_1					31.81	47	2289	243	846	2		846	8			47	50	49	0.676809	0.013897	0.130905	60501	0.525776	51536	836	0.03805	1.381795	815	0.039031	1.581419	38	15	2017-06-29	2017-06-29	22:58:38	964	964										
23842602465710341	EliAds_and_SA_0614_test					37.17	62	3444	357	924	1		923	12			60	70	66	0.599516	0.010793	0.104118	38277	0.971079	33244	910	0.040846	2.377407	878	0.042335	2.641078	10	10	2017-06-29	2017-06-29	23:28:37	849	811										
23842601900310341	EliAds_ios_ph_0613					0				1			1										36	0	32	1	0	2.777778	1	0	3.125	1	0	2017-06-29	2017-06-29	23:28:37	0	0										
23842601519620341	EliAds_and_ph_0612					2.82	10	743	65	183	2		180	29			10	10	10	0.282	0.003795	0.043385	4025	0.700621	3928	149	0.018926	3.701863	144	0.019583	3.665988	63	124	2017-06-29	2017-06-29	23:28:38	1469	1444										
23842588342520341	EliAds_and_SA_0525_1					36.56	54	2918	295	957	2		957	9			53	57	55	0.677037	0.012529	0.123932	67478	0.541806	56439	946	0.038647	1.401938	912	0.040088	1.615904	44	16	2017-06-29	2017-06-29	23:28:39	1059	1059										
23842602465710341	EliAds_and_SA_0614_test					41.28	69	4146	410	1025	1		1024	14			69	79	75	0.598261	0.009957	0.100683	42456	0.972301	36714	1009	0.040912	2.376578	974	0.042382	2.652939	11	11	2017-06-29	2017-06-29	23:58:37	923	872										
23842601900310341	EliAds_ios_ph_0613					0				1			1										38	0	34	1	0	2.631579	1	0	2.941176	1	0	2017-06-29	2017-06-29	23:58:37	0	0										
23842601519620341	EliAds_and_ph_0612					3.04	10	775	71	195	2		192	30			10	10	10	0.304	0.003923	0.042817	4302	0.706648	4195	160	0.019	3.7192	155	0.019613	3.694875	65	136	2017-06-29	2017-06-29	23:58:37	1565	1537										
23842588342520341	EliAds_and_SA_0525_1					40.66	59	3384	337	1076	2		1076	10			58	62	60	0.689153	0.012015	0.120653	73704	0.551666	62457	1064	0.038214	1.443612	1035	0.039285	1.65714	50	17	2017-06-29	2017-06-29	23:58:39	1141	1141										
