campaign_id	campaign_name	adset_id	adset_name	ad_id	ad_name	spend	result	mobile_app_actions	mobile_app_start	page_engagement	post_share	post_comment	post_engagement	post_like	clicks_to_play_video	3_second_video_view	unique_result	unique_mobile_app_actions	unique_mobile_app_start	cost_per_result	cost_mobile_app_actions	cost_per_mobile_app_start	impressions	cpm	reach	inline_link_clicks	cpc_link	inline_link_click_ctr	unique_inline_link_clicks	cost_per_unique_inline_link_click	unique_inline_link_click_ctr	app_store_clicks	button_clicks	date_start	date_stop	request_time	social_impressions	social_reach	cost_per_10_sec_video_view	10_second_video_views	30_second_video_views	video_watches_at_p25	video_watches_at_p50	video_watches_at_p75	video_watches_at_p95	video_watches_at_p100	video_average_watch_time	video_average_percentage_watched	creative_id	bid_amount	bill_event	optimization_goal	daily_budget	age_min	age_max	gender	custom_audience_id	custom_audience_name	interest_id	interest_name	relevance_score
23842605475190355	EliAds_UCNews_ID_3	23842605619310355	ID_MF_170602_1053_Interest_MB_Oi_Cim	23842605619300355	20170602_redGirlMusic2	0				1			1			1							5	0	5	0	0	0	0	0	0	0	0	2017-06-29	2017-06-29	04:08:04	0	0											23842605635890355	80	IMPRESSIONS	APP_INSTALLS	2000	13	50				6003382313337;6003673102262	"Local news;Breaking news"	
23842559803430355	EliAds_UCNews_ID	23842560768820355	ID_M_Aud_Oi_Cim_170222_2240_AB_EliAds	23842565229570355	Pic_4_5I	0.4				38			38	7									889	0.449944	843	31	0.012903	3.487064	31	0.012903	3.677343	0	0	2017-06-29	2017-06-29	04:08:05	2	2											23842580310350355	0	IMPRESSIONS	APP_INSTALLS	7500	13	55	1			6003342288787;6003382313337;6003673102262	"Online newspaper;Local news;Breaking news"	4
23842605475190355	EliAds_UCNews_ID_3	23842606778540355	ID_MF_170603_1012_Interest_BNs_MB_Oi_Cim	23842615233460355	20170619_testV1	0																	4	0	4	0	0	0	0	0	0	0	0	2017-06-29	2017-06-29	04:35:23	0	0											23842615237530355	100	IMPRESSIONS	APP_INSTALLS	2000	13	50				6003673102262	"Breaking news"	
23842605475190355	EliAds_UCNews_ID_3	23842605619310355	ID_MF_170602_1053_Interest_MB_Oi_Cim	23842605619300355	20170602_redGirlMusic2	0				1			1			1							14	0	14	0	0	0	0	0	0	0	0	2017-06-29	2017-06-29	04:35:25	0	0											23842605635890355	80	IMPRESSIONS	APP_INSTALLS	2000	13	50				6003382313337;6003673102262	"Local news;Breaking news"	
23842559803430355	EliAds_UCNews_ID	23842560768820355	ID_M_Aud_Oi_Cim_170222_2240_AB_EliAds	23842565229570355	Pic_4_5I	0.91				60			60	11									1872	0.486111	1713	49	0.018571	2.617521	49	0.018571	2.860479	0	0	2017-06-29	2017-06-29	04:35:27	3	3											23842580310350355	0	IMPRESSIONS	APP_INSTALLS	7500	13	55	1			6003342288787;6003382313337;6003673102262	"Online newspaper;Local news;Breaking news"	4
23842605475190355	EliAds_UCNews_ID_3	23842606778540355	ID_MF_170603_1012_Interest_BNs_MB_Oi_Cim	23842615233460355	20170619_testV1	0																	7	0	7	0	0	0	0	0	0	0	0	2017-06-29	2017-06-29	05:27:17	0	0											23842615237530355	100	IMPRESSIONS	APP_INSTALLS	2000	13	50				6003673102262	"Breaking news"	
23842605475190355	EliAds_UCNews_ID_3	23842605619310355	ID_MF_170602_1053_Interest_MB_Oi_Cim	23842605619300355	20170602_redGirlMusic2	0				3			3			3							22	0	22	0	0	0	0	0	0	0	0	2017-06-29	2017-06-29	05:27:20	0	0											23842605635890355	80	IMPRESSIONS	APP_INSTALLS	2000	13	50				6003382313337;6003673102262	"Local news;Breaking news"	
23842605475190355	EliAds_UCNews_ID_3	23842606778540355	ID_MF_170603_1012_Interest_BNs_MB_Oi_Cim	23842606778550355	20170602_quickNews	0																	1	0	1	0	0	0	0	0	0	0	0	2017-06-29	2017-06-29	05:27:23	0	0											23842606779020355	100	IMPRESSIONS	APP_INSTALLS	2000	13	50				6003673102262	"Breaking news"	
23842559803430355	EliAds_UCNews_ID	23842560768820355	ID_M_Aud_Oi_Cim_170222_2240_AB_EliAds	23842565229570355	Pic_4_5I	1.55				88		1	88	13									3492	0.443872	3115	74	0.020946	2.119129	73	0.021233	2.343499	0	0	2017-06-29	2017-06-29	05:27:35	4	4											23842580310350355	0	IMPRESSIONS	APP_INSTALLS	7500	13	55	1			6003342288787;6003382313337;6003673102262	"Online newspaper;Local news;Breaking news"	4
23842605475190355	EliAds_UCNews_ID_3	23842606778540355	ID_MF_170603_1012_Interest_BNs_MB_Oi_Cim	23842615233460355	20170619_testV1	0																	9	0	9	0	0	0	0	0	0	0	0	2017-06-29	2017-06-29	06:13:02	0	0											23842615237530355	100	IMPRESSIONS	APP_INSTALLS	2000	13	50				6003673102262	"Breaking news"	
23842605475190355	EliAds_UCNews_ID_3	23842605619310355	ID_MF_170602_1053_Interest_MB_Oi_Cim	23842605619300355	20170602_redGirlMusic2	0				8			8			8							36	0	36	0	0	0	0	0	0	0	0	2017-06-29	2017-06-29	06:13:04	0	0	0	5	5	5	5	5	5	5			23842605635890355	80	IMPRESSIONS	APP_INSTALLS	2000	13	50				6003382313337;6003673102262	"Local news;Breaking news"	
23842605475190355	EliAds_UCNews_ID_3	23842606778540355	ID_MF_170603_1012_Interest_BNs_MB_Oi_Cim	23842606778550355	20170602_quickNews	0				1			1			1							5	0	5	0	0	0	0	0	0	0	0	2017-06-29	2017-06-29	06:13:04	0	0				1							23842606779020355	100	IMPRESSIONS	APP_INSTALLS	2000	13	50				6003673102262	"Breaking news"	
23842559803430355	EliAds_UCNews_ID	23842560768820355	ID_M_Aud_Oi_Cim_170222_2240_AB_EliAds	23842565229570355	Pic_4_5I	2.88				158		1	158	16									5758	0.500174	5173	141	0.020426	2.448767	138	0.02087	2.667698	0	2	2017-06-29	2017-06-29	06:13:06	7	7											23842580310350355	0	IMPRESSIONS	APP_INSTALLS	7500	13	55	1			6003342288787;6003382313337;6003673102262	"Online newspaper;Local news;Breaking news"	4
23842605475190355	EliAds_UCNews_ID_3	23842606778540355	ID_MF_170603_1012_Interest_BNs_MB_Oi_Cim	23842615233460355	20170619_testV1	0																	10	0	10	0	0	0	0	0	0	0	0	2017-06-29	2017-06-29	06:22:38	0	0											23842615237530355	100	IMPRESSIONS	APP_INSTALLS	2000	13	50				6003673102262	"Breaking news"	
23842605475190355	EliAds_UCNews_ID_3	23842605619310355	ID_MF_170602_1053_Interest_MB_Oi_Cim	23842605619300355	20170602_redGirlMusic2	0				9			9			9							36	0	36	0	0	0	0	0	0	0	0	2017-06-29	2017-06-29	06:22:40	0	0	0	5	5	6	5	5	5	5			23842605635890355	80	IMPRESSIONS	APP_INSTALLS	2000	13	50				6003382313337;6003673102262	"Local news;Breaking news"	
23842605475190355	EliAds_UCNews_ID_3	23842606778540355	ID_MF_170603_1012_Interest_BNs_MB_Oi_Cim	23842606778550355	20170602_quickNews	0				1			1			1							5	0	5	0	0	0	0	0	0	0	0	2017-06-29	2017-06-29	06:22:40	0	0				1							23842606779020355	100	IMPRESSIONS	APP_INSTALLS	2000	13	50				6003673102262	"Breaking news"	
23842559803430355	EliAds_UCNews_ID	23842560768820355	ID_M_Aud_Oi_Cim_170222_2240_AB_EliAds	23842565229570355	Pic_4_5I	3.43				191		1	191	25									6529	0.525348	5860	165	0.020788	2.527186	160	0.021438	2.730375	0	3	2017-06-29	2017-06-29	06:22:42	9	8											23842580310350355	0	IMPRESSIONS	APP_INSTALLS	7500	13	55	1			6003342288787;6003382313337;6003673102262	"Online newspaper;Local news;Breaking news"	4
23842605475190355	EliAds_UCNews_ID_3	23842606778540355	ID_MF_170603_1012_Interest_BNs_MB_Oi_Cim	23842615233460355	20170619_testV1	0																	13	0	13	0	0	0	0	0	0	0	0	2017-06-29	2017-06-29	06:46:28	0	0											23842615237530355	100	IMPRESSIONS	APP_INSTALLS	2000	13	50				6003673102262	"Breaking news"	
23842605475190355	EliAds_UCNews_ID_3	23842605619310355	ID_MF_170602_1053_Interest_MB_Oi_Cim	23842605619300355	20170602_redGirlMusic2	0				11			11			11							49	0	49	0	0	0	0	0	0	0	0	2017-06-29	2017-06-29	06:46:29	0	0	0	6	6	8	6	6	6	6			23842605635890355	80	IMPRESSIONS	APP_INSTALLS	2000	13	50				6003382313337;6003673102262	"Local news;Breaking news"	
23842605475190355	EliAds_UCNews_ID_3	23842606778540355	ID_MF_170603_1012_Interest_BNs_MB_Oi_Cim	23842606778550355	20170602_quickNews	0				1			1			1							5	0	5	0	0	0	0	0	0	0	0	2017-06-29	2017-06-29	06:46:30	0	0				1							23842606779020355	100	IMPRESSIONS	APP_INSTALLS	2000	13	50				6003673102262	"Breaking news"	
23842559803430355	EliAds_UCNews_ID	23842560768820355	ID_M_Aud_Oi_Cim_170222_2240_AB_EliAds	23842565229570355	Pic_4_5I	5.04				288		1	288	40									8921	0.564959	8010	247	0.020405	2.768748	241	0.020913	3.008739	0	5	2017-06-29	2017-06-29	06:46:32	16	12											23842580310350355	0	IMPRESSIONS	APP_INSTALLS	7500	13	55	1			6003342288787;6003382313337;6003673102262	"Online newspaper;Local news;Breaking news"	4
23842605475190355	EliAds_UCNews_ID_3	23842606778540355	ID_MF_170603_1012_Interest_BNs_MB_Oi_Cim	23842615233460355	20170619_testV1	0																	15	0	15	0	0	0	0	0	0	0	0	2017-06-29	2017-06-29	07:13:59	0	0											23842615237530355	100	IMPRESSIONS	APP_INSTALLS	2000	13	50				6003673102262	"Breaking news"	
23842605475190355	EliAds_UCNews_ID_3	23842605619310355	ID_MF_170602_1053_Interest_MB_Oi_Cim	23842605619300355	20170602_redGirlMusic2	0				13			13			13							54	0	54	0	0	0	0	0	0	0	0	2017-06-29	2017-06-29	07:14:00	0	0	0	9	7	11	8	8	8	7			23842605635890355	80	IMPRESSIONS	APP_INSTALLS	2000	13	50				6003382313337;6003673102262	"Local news;Breaking news"	
23842605475190355	EliAds_UCNews_ID_3	23842606778540355	ID_MF_170603_1012_Interest_BNs_MB_Oi_Cim	23842606778550355	20170602_quickNews	0				2			2			2							8	0	8	0	0	0	0	0	0	0	0	2017-06-29	2017-06-29	07:14:00	0	0				2							23842606779020355	100	IMPRESSIONS	APP_INSTALLS	2000	13	50				6003673102262	"Breaking news"	
23842559803430355	EliAds_UCNews_ID	23842560768820355	ID_M_Aud_Oi_Cim_170222_2240_AB_EliAds	23842565229570355	Pic_4_5I	6.92	1	2	2	438		1	438	69			1	1	1	6.92	3.46	3.46	11839	0.584509	10758	368	0.018804	3.108371	357	0.019384	3.318461	0	10	2017-06-29	2017-06-29	07:14:01	34	24											23842580310350355	0	IMPRESSIONS	APP_INSTALLS	7500	13	55	1			6003342288787;6003382313337;6003673102262	"Online newspaper;Local news;Breaking news"	4
23842559803430355	EliAds_UCNews_ID	23842618467480355	ID_MF_AB_Oi_Cim_170628_1240_samsung_combinationo	23842618467580355	20170628_samsung_combination	0				4			4	2									4	0	4	2	0	50	2	0	50	0	0	2017-06-29	2017-06-29	07:43:07	0	0											23842618471180355	0	IMPRESSIONS	APP_INSTALLS	2000	15	48						
23842605475190355	EliAds_UCNews_ID_3	23842606778540355	ID_MF_170603_1012_Interest_BNs_MB_Oi_Cim	23842615233460355	20170619_testV1	0																	16	0	16	0	0	0	0	0	0	0	0	2017-06-29	2017-06-29	07:43:07	0	0											23842615237530355	100	IMPRESSIONS	APP_INSTALLS	2000	13	50				6003673102262	"Breaking news"	
23842605475190355	EliAds_UCNews_ID_3	23842605619310355	ID_MF_170602_1053_Interest_MB_Oi_Cim	23842605619300355	20170602_redGirlMusic2	0				19			19			19							71	0	70	0	0	0	0	0	0	0	0	2017-06-29	2017-06-29	07:43:09	0	0	0	12	10	15	11	11	11	10			23842605635890355	80	IMPRESSIONS	APP_INSTALLS	2000	13	50				6003382313337;6003673102262	"Local news;Breaking news"	
23842605475190355	EliAds_UCNews_ID_3	23842606778540355	ID_MF_170603_1012_Interest_BNs_MB_Oi_Cim	23842606778550355	20170602_quickNews	0				2			2			2							10	0	10	0	0	0	0	0	0	0	0	2017-06-29	2017-06-29	07:43:09	0	0				2							23842606779020355	100	IMPRESSIONS	APP_INSTALLS	2000	13	50				6003673102262	"Breaking news"	
23842559803430355	EliAds_UCNews_ID	23842560768820355	ID_M_Aud_Oi_Cim_170222_2240_AB_EliAds	23842565229570355	Pic_4_5I	8.93	1	2	2	626		2	626	118			1	1	1	8.93	4.465	4.465	15006	0.595095	13636	506	0.017648	3.371985	488	0.018299	3.578762	0	13	2017-06-29	2017-06-29	07:43:11	45	44											23842580310350355	0	IMPRESSIONS	APP_INSTALLS	7500	13	55	1			6003342288787;6003382313337;6003673102262	"Online newspaper;Local news;Breaking news"	4
23842559803430355	EliAds_UCNews_ID	23842618467480355	ID_MF_AB_Oi_Cim_170628_1240_samsung_combinationo	23842618467580355	20170628_samsung_combination	0.66				44			44	39									441	1.496599	431	5	0.132	1.133787	5	0.132	1.160093	0	1	2017-06-29	2017-06-29	08:40:40	6	6											23842618471180355	0	IMPRESSIONS	APP_INSTALLS	2000	15	48						
23842605475190355	EliAds_UCNews_ID_3	23842606778540355	ID_MF_170603_1012_Interest_BNs_MB_Oi_Cim	23842615233460355	20170619_testV1	0.02				2			2	1		1							31	0.645161	31	0	0	0	0	0	0	0	0	2017-06-29	2017-06-29	08:40:40	0	0	0.02	1		1	1						23842615237530355	100	IMPRESSIONS	APP_INSTALLS	2000	13	50				6003673102262	"Breaking news"	
23842605475190355	EliAds_UCNews_ID_3	23842605619310355	ID_MF_170602_1053_Interest_MB_Oi_Cim	23842605619300355	20170602_redGirlMusic2	0.01				26			26			26							100	0.1	100	0	0	0	0	0	0	0	0	2017-06-29	2017-06-29	08:40:43	0	0	0.000625	16	13	21	15	14	14	13			23842605635890355	80	IMPRESSIONS	APP_INSTALLS	2000	13	50				6003382313337;6003673102262	"Local news;Breaking news"	
23842605475190355	EliAds_UCNews_ID_3	23842606778540355	ID_MF_170603_1012_Interest_BNs_MB_Oi_Cim	23842606778550355	20170602_quickNews	0				3			3			3							15	0	15	0	0	0	0	0	0	0	0	2017-06-29	2017-06-29	08:40:43	0	0				2							23842606779020355	100	IMPRESSIONS	APP_INSTALLS	2000	13	50				6003673102262	"Breaking news"	
23842559803430355	EliAds_UCNews_ID	23842560768820355	ID_M_Aud_Oi_Cim_170222_2240_AB_EliAds	23842565229570355	Pic_4_5I	15.11	1	2	2	1117		3	1117	240			1	1	1	15.11	7.555	7.555	23413	0.645368	21084	874	0.017288	3.732969	839	0.01801	3.979321	0	23	2017-06-29	2017-06-29	08:40:45	82	71											23842580310350355	0	IMPRESSIONS	APP_INSTALLS	7500	13	55	1			6003342288787;6003382313337;6003673102262	"Online newspaper;Local news;Breaking news"	4
23842559803430355	EliAds_UCNews_ID	23842618467480355	ID_MF_AB_Oi_Cim_170628_1240_samsung_combinationo	23842618467580355	20170628_samsung_combination	0.86				63			63	55									704	1.221591	686	8	0.1075	1.136364	8	0.1075	1.166181	0	2	2017-06-29	2017-06-29	08:47:34	10	10											23842618471180355	0	IMPRESSIONS	APP_INSTALLS	2000	15	48						3
23842605475190355	EliAds_UCNews_ID_3	23842606778540355	ID_MF_170603_1012_Interest_BNs_MB_Oi_Cim	23842615233460355	20170619_testV1	0.02				2			2	1		1							31	0.645161	31	0	0	0	0	0	0	0	0	2017-06-29	2017-06-29	08:47:35	0	0	0.02	1		1	1						23842615237530355	100	IMPRESSIONS	APP_INSTALLS	2000	13	50				6003673102262	"Breaking news"	
23842605475190355	EliAds_UCNews_ID_3	23842605619310355	ID_MF_170602_1053_Interest_MB_Oi_Cim	23842605619300355	20170602_redGirlMusic2	0.01				31			31			31							101	0.09901	101	0	0	0	0	0	0	0	0	2017-06-29	2017-06-29	08:47:36	0	0	0.0005	20	17	26	19	18	17	16			23842605635890355	80	IMPRESSIONS	APP_INSTALLS	2000	13	50				6003382313337;6003673102262	"Local news;Breaking news"	
23842605475190355	EliAds_UCNews_ID_3	23842606778540355	ID_MF_170603_1012_Interest_BNs_MB_Oi_Cim	23842606778550355	20170602_quickNews	0				3			3			3							15	0	15	0	0	0	0	0	0	0	0	2017-06-29	2017-06-29	08:47:37	0	0				2							23842606779020355	100	IMPRESSIONS	APP_INSTALLS	2000	13	50				6003673102262	"Breaking news"	
23842559803430355	EliAds_UCNews_ID	23842560768820355	ID_M_Aud_Oi_Cim_170222_2240_AB_EliAds	23842565229570355	Pic_4_5I	15.56	1	2	2	1166		3	1166	254			1	1	1	15.56	7.78	7.78	24181	0.64348	21810	909	0.017118	3.75915	874	0.017803	4.007336	0	23	2017-06-29	2017-06-29	08:47:38	83	72											23842580310350355	0	IMPRESSIONS	APP_INSTALLS	7500	13	55	1			6003342288787;6003382313337;6003673102262	"Online newspaper;Local news;Breaking news"	4
23842559803430355	EliAds_UCNews_ID	23842618467480355	ID_MF_AB_Oi_Cim_170628_1240_samsung_combinationo	23842618467580355	20170628_samsung_combination	1.39	1	1	1	139			139	123			1	1	1	1.39	1.39	1.39	1495	0.929766	1438	16	0.086875	1.070234	16	0.086875	1.112656	0	6	2017-06-29	2017-06-29	09:14:46	14	14											23842618471180355	0	IMPRESSIONS	APP_INSTALLS	2000	15	48						3
23842605475190355	EliAds_UCNews_ID_3	23842606778540355	ID_MF_170603_1012_Interest_BNs_MB_Oi_Cim	23842615233460355	20170619_testV1	0.02				2			2	1		1							33	0.606061	33	0	0	0	0	0	0	0	0	2017-06-29	2017-06-29	09:14:46	0	0	0.02	1		1	1						23842615237530355	100	IMPRESSIONS	APP_INSTALLS	2000	13	50				6003673102262	"Breaking news"	
23842605475190355	EliAds_UCNews_ID_3	23842605619310355	ID_MF_170602_1053_Interest_MB_Oi_Cim	23842615240600355	20170619_test3	0																	1	0	1	0	0	0	0	0	0	0	0	2017-06-29	2017-06-29	09:14:47	0	0											23842615241480355	80	IMPRESSIONS	APP_INSTALLS	2000	13	50				6003382313337;6003673102262	"Local news;Breaking news"	
23842605475190355	EliAds_UCNews_ID_3	23842605619310355	ID_MF_170602_1053_Interest_MB_Oi_Cim	23842605619300355	20170602_redGirlMusic2	0.01				35			35			35							122	0.081967	121	0	0	0	0	0	0	0	0	2017-06-29	2017-06-29	09:14:49	0	0	0.000455	22	18	30	21	19	18	17			23842605635890355	80	IMPRESSIONS	APP_INSTALLS	2000	13	50				6003382313337;6003673102262	"Local news;Breaking news"	
23842605475190355	EliAds_UCNews_ID_3	23842606778540355	ID_MF_170603_1012_Interest_BNs_MB_Oi_Cim	23842606778550355	20170602_quickNews	0				3			3			3							15	0	15	0	0	0	0	0	0	0	0	2017-06-29	2017-06-29	09:14:50	0	0				2							23842606779020355	100	IMPRESSIONS	APP_INSTALLS	2000	13	50				6003673102262	"Breaking news"	
23842559803430355	EliAds_UCNews_ID	23842560768820355	ID_M_Aud_Oi_Cim_170222_2240_AB_EliAds	23842565229570355	Pic_4_5I	17.32	1	2	2	1296		3	1296	283			1	1	1	17.32	8.66	8.66	27088	0.639398	24607	1010	0.017149	3.728588	971	0.017837	3.946032	0	25	2017-06-29	2017-06-29	09:14:52	91	64											23842580310350355	0	IMPRESSIONS	APP_INSTALLS	7500	13	55	1			6003342288787;6003382313337;6003673102262	"Online newspaper;Local news;Breaking news"	4
23842559803430355	EliAds_UCNews_ID	23842618467480355	ID_MF_AB_Oi_Cim_170628_1240_samsung_combinationo	23842618467580355	20170628_samsung_combination	2.46	1	2	2	263			262	218			1	2	2	2.46	1.23	1.23	3408	0.721831	3236	44	0.055909	1.29108	42	0.058571	1.297899	3	14	2017-06-29	2017-06-29	09:45:10	36	36											23842618471180355	0	IMPRESSIONS	APP_INSTALLS	2000	15	48						3
23842605475190355	EliAds_UCNews_ID_3	23842606778540355	ID_MF_170603_1012_Interest_BNs_MB_Oi_Cim	23842615233460355	20170619_testV1	0.02				2			2	1		1							34	0.588235	34	0	0	0	0	0	0	0	0	2017-06-29	2017-06-29	09:45:11	0	0	0.02	1		1	1						23842615237530355	100	IMPRESSIONS	APP_INSTALLS	2000	13	50				6003673102262	"Breaking news"	
23842605475190355	EliAds_UCNews_ID_3	23842605619310355	ID_MF_170602_1053_Interest_MB_Oi_Cim	23842615240600355	20170619_test3	0																	1	0	1	0	0	0	0	0	0	0	0	2017-06-29	2017-06-29	09:45:11	0	0											23842615241480355	80	IMPRESSIONS	APP_INSTALLS	2000	13	50				6003382313337;6003673102262	"Local news;Breaking news"	
23842605475190355	EliAds_UCNews_ID_3	23842605619310355	ID_MF_170602_1053_Interest_MB_Oi_Cim	23842605619300355	20170602_redGirlMusic2	0.01				37			37			37							146	0.068493	145	0	0	0	0	0	0	0	0	2017-06-29	2017-06-29	09:45:13	0	0	0.000417	24	19	32	23	21	19	18			23842605635890355	80	IMPRESSIONS	APP_INSTALLS	2000	13	50				6003382313337;6003673102262	"Local news;Breaking news"	
23842605475190355	EliAds_UCNews_ID_3	23842606778540355	ID_MF_170603_1012_Interest_BNs_MB_Oi_Cim	23842606778550355	20170602_quickNews	0.02				3			3			3							21	0.952381	21	0	0	0	0	0	0	0	0	2017-06-29	2017-06-29	09:45:14	0	0				2							23842606779020355	100	IMPRESSIONS	APP_INSTALLS	2000	13	50				6003673102262	"Breaking news"	
23842559803430355	EliAds_UCNews_ID	23842560768820355	ID_M_Aud_Oi_Cim_170222_2240_AB_EliAds	23842565229570355	Pic_4_5I	18.26	2	3	3	1411		3	1411	299			2	2	2	9.13	6.086667	6.086667	28601	0.638439	26020	1109	0.016465	3.877487	1068	0.017097	4.104535	1	25	2017-06-29	2017-06-29	09:45:15	95	63											23842580310350355	0	IMPRESSIONS	APP_INSTALLS	7500	13	55	1			6003342288787;6003382313337;6003673102262	"Online newspaper;Local news;Breaking news"	4
23842559803430355	EliAds_UCNews_ID	23842618467480355	ID_MF_AB_Oi_Cim_170628_1240_samsung_combinationo	23842618467580355	20170628_samsung_combination	3.61	2	3	3	367			366	267			2	3	3	1.805	1.203333	1.203333	5778	0.624784	5506	99	0.036465	1.713396	97	0.037216	1.761714	3	16	2017-06-29	2017-06-29	10:15:10	47	47											23842618471180355	0	IMPRESSIONS	APP_INSTALLS	2000	15	48						3
23842605475190355	EliAds_UCNews_ID_3	23842606778540355	ID_MF_170603_1012_Interest_BNs_MB_Oi_Cim	23842615233460355	20170619_testV1	0.02				2			2	1		1							37	0.540541	37	0	0	0	0	0	0	0	0	2017-06-29	2017-06-29	10:15:10	0	0	0.02	1		1	1						23842615237530355	100	IMPRESSIONS	APP_INSTALLS	2000	13	50				6003673102262	"Breaking news"	
23842605475190355	EliAds_UCNews_ID_3	23842605619310355	ID_MF_170602_1053_Interest_MB_Oi_Cim	23842615240600355	20170619_test3	0																	1	0	1	0	0	0	0	0	0	0	0	2017-06-29	2017-06-29	10:15:11	0	0											23842615241480355	80	IMPRESSIONS	APP_INSTALLS	2000	13	50				6003382313337;6003673102262	"Local news;Breaking news"	
23842605475190355	EliAds_UCNews_ID_3	23842605619310355	ID_MF_170602_1053_Interest_MB_Oi_Cim	23842605619300355	20170602_redGirlMusic2	0.02				40			40			40							160	0.125	159	0	0	0	0	0	0	0	0	2017-06-29	2017-06-29	10:15:12	0	0	0.000769	26	21	34	25	23	21	20			23842605635890355	80	IMPRESSIONS	APP_INSTALLS	2000	13	50				6003382313337;6003673102262	"Local news;Breaking news"	
23842605475190355	EliAds_UCNews_ID_3	23842606778540355	ID_MF_170603_1012_Interest_BNs_MB_Oi_Cim	23842606778550355	20170602_quickNews	0.02				4			4			4							21	0.952381	21	0	0	0	0	0	0	0	0	2017-06-29	2017-06-29	10:15:13	0	0	0.02	1		3	1						23842606779020355	100	IMPRESSIONS	APP_INSTALLS	2000	13	50				6003673102262	"Breaking news"	
23842559803430355	EliAds_UCNews_ID	23842560768820355	ID_M_Aud_Oi_Cim_170222_2240_AB_EliAds	23842565229570355	Pic_4_5I	19.04	8	8	8	1480		3	1480	313			8	6	6	2.38	2.38	2.38	29835	0.638177	27172	1164	0.016357	3.901458	1120	0.017	4.12189	1	27	2017-06-29	2017-06-29	10:15:15	102	64											23842580310350355	0	IMPRESSIONS	APP_INSTALLS	7500	13	55	1			6003342288787;6003382313337;6003673102262	"Online newspaper;Local news;Breaking news"	4
23842559803430355	EliAds_UCNews_ID	23842618467480355	ID_MF_AB_Oi_Cim_170628_1240_samsung_combinationo	23842618467580355	20170628_samsung_combination	4.34	2	3	3	435			434	302			2	3	3	2.17	1.446667	1.446667	7316	0.59322	6814	132	0.032879	1.804265	130	0.033385	1.907837	3	18	2017-06-29	2017-06-29	10:45:20	57	57											23842618471180355	0	IMPRESSIONS	APP_INSTALLS	2000	15	48						3
23842605475190355	EliAds_UCNews_ID_3	23842606778540355	ID_MF_170603_1012_Interest_BNs_MB_Oi_Cim	23842615233460355	20170619_testV1	0.02				2			2	1		1							38	0.526316	38	0	0	0	0	0	0	0	0	2017-06-29	2017-06-29	10:45:21	0	0	0.02	1		1	1						23842615237530355	100	IMPRESSIONS	APP_INSTALLS	2000	13	50				6003673102262	"Breaking news"	
23842605475190355	EliAds_UCNews_ID_3	23842605619310355	ID_MF_170602_1053_Interest_MB_Oi_Cim	23842615240600355	20170619_test3	0																	1	0	1	0	0	0	0	0	0	0	0	2017-06-29	2017-06-29	10:45:21	0	0											23842615241480355	80	IMPRESSIONS	APP_INSTALLS	2000	13	50				6003382313337;6003673102262	"Local news;Breaking news"	
23842605475190355	EliAds_UCNews_ID_3	23842605619310355	ID_MF_170602_1053_Interest_MB_Oi_Cim	23842605619300355	20170602_redGirlMusic2	0.02				40			40			40							180	0.111111	179	0	0	0	0	0	0	0	0	2017-06-29	2017-06-29	10:45:23	0	0	0.000769	26	21	34	25	23	21	20			23842605635890355	80	IMPRESSIONS	APP_INSTALLS	2000	13	50				6003382313337;6003673102262	"Local news;Breaking news"	
23842605475190355	EliAds_UCNews_ID_3	23842606778540355	ID_MF_170603_1012_Interest_BNs_MB_Oi_Cim	23842606778550355	20170602_quickNews	0.02				4			4			4							25	0.8	25	0	0	0	0	0	0	0	0	2017-06-29	2017-06-29	10:45:24	0	0	0.02	1		3	1						23842606779020355	100	IMPRESSIONS	APP_INSTALLS	2000	13	50				6003673102262	"Breaking news"	
23842559803430355	EliAds_UCNews_ID	23842560768820355	ID_M_Aud_Oi_Cim_170222_2240_AB_EliAds	23842565229570355	Pic_4_5I	20.38	8	9	9	1576		3	1576	334			8	7	7	2.5475	2.264444	2.264444	31876	0.639352	29017	1239	0.016449	3.886937	1194	0.017069	4.114829	3	27	2017-06-29	2017-06-29	10:45:25	108	72											23842580310350355	0	IMPRESSIONS	APP_INSTALLS	7500	13	55	1			6003342288787;6003382313337;6003673102262	"Online newspaper;Local news;Breaking news"	4
23842559803430355	EliAds_UCNews_ID	23842618467480355	ID_MF_AB_Oi_Cim_170628_1240_samsung_combinationo	23842618467580355	20170628_samsung_combination	5	2	4	4	490			489	311			2	4	4	2.5	1.25	1.25	8902	0.561672	8076	178	0.02809	1.999551	175	0.028571	2.166914	3	18	2017-06-29	2017-06-29	11:48:24	57	57											23842618471180355	0	IMPRESSIONS	APP_INSTALLS	2000	15	48						3
23842605475190355	EliAds_UCNews_ID_3	23842606778540355	ID_MF_170603_1012_Interest_BNs_MB_Oi_Cim	23842615233460355	20170619_testV1	0.03				2			2	1		1							41	0.731707	41	0	0	0	0	0	0	0	0	2017-06-29	2017-06-29	11:48:24	0	0	0.03	1		1	1						23842615237530355	100	IMPRESSIONS	APP_INSTALLS	2000	13	50				6003673102262	"Breaking news"	
23842605475190355	EliAds_UCNews_ID_3	23842605619310355	ID_MF_170602_1053_Interest_MB_Oi_Cim	23842615240600355	20170619_test3	0																	1	0	1	0	0	0	0	0	0	0	0	2017-06-29	2017-06-29	11:48:24	0	0											23842615241480355	80	IMPRESSIONS	APP_INSTALLS	2000	13	50				6003382313337;6003673102262	"Local news;Breaking news"	
23842605475190355	EliAds_UCNews_ID_3	23842605619310355	ID_MF_170602_1053_Interest_MB_Oi_Cim	23842605619300355	20170602_redGirlMusic2	0.02				42			42			42							197	0.101523	196	0	0	0	0	0	0	0	0	2017-06-29	2017-06-29	11:48:26	0	0	0.000741	27	21	36	26	23	21	20			23842605635890355	80	IMPRESSIONS	APP_INSTALLS	2000	13	50				6003382313337;6003673102262	"Local news;Breaking news"	
23842605475190355	EliAds_UCNews_ID_3	23842606778540355	ID_MF_170603_1012_Interest_BNs_MB_Oi_Cim	23842606778550355	20170602_quickNews	0.02				4			4			4							26	0.769231	26	0	0	0	0	0	0	0	0	2017-06-29	2017-06-29	11:48:26	0	0	0.02	1		3	1						23842606779020355	100	IMPRESSIONS	APP_INSTALLS	2000	13	50				6003673102262	"Breaking news"	
23842559803430355	EliAds_UCNews_ID	23842560768820355	ID_M_Aud_Oi_Cim_170222_2240_AB_EliAds	23842565229570355	Pic_4_5I	22.12	10	13	13	1731		3	1731	365			10	9	9	2.212	1.701538	1.701538	34828	0.635121	31551	1363	0.016229	3.913518	1314	0.016834	4.164686	3	32	2017-06-29	2017-06-29	11:48:28	113	72											23842580310350355	0	IMPRESSIONS	APP_INSTALLS	7500	13	55	1			6003342288787;6003382313337;6003673102262	"Online newspaper;Local news;Breaking news"	4
23842559803430355	EliAds_UCNews_ID	23842618467480355	ID_MF_AB_Oi_Cim_170628_1240_samsung_combinationo	23842618467580355	20170628_samsung_combination	5.02	3	4	4	491			490	311			3	4	4	1.673333	1.255	1.255	8949	0.560957	8120	179	0.028045	2.000223	176	0.028523	2.167488	3	18	2017-06-29	2017-06-29	12:01:01	57	57											23842618471180355	0	IMPRESSIONS	APP_INSTALLS	2000	15	48						3
23842605475190355	EliAds_UCNews_ID_3	23842606778540355	ID_MF_170603_1012_Interest_BNs_MB_Oi_Cim	23842615233460355	20170619_testV1	0.03				2			2	1		1							41	0.731707	41	0	0	0	0	0	0	0	0	2017-06-29	2017-06-29	12:01:01	0	0	0.03	1		1	1						23842615237530355	100	IMPRESSIONS	APP_INSTALLS	2000	13	50				6003673102262	"Breaking news"	
23842605475190355	EliAds_UCNews_ID_3	23842605619310355	ID_MF_170602_1053_Interest_MB_Oi_Cim	23842615240600355	20170619_test3	0																	1	0	1	0	0	0	0	0	0	0	0	2017-06-29	2017-06-29	12:01:02	0	0											23842615241480355	80	IMPRESSIONS	APP_INSTALLS	2000	13	50				6003382313337;6003673102262	"Local news;Breaking news"	
23842605475190355	EliAds_UCNews_ID_3	23842605619310355	ID_MF_170602_1053_Interest_MB_Oi_Cim	23842605619300355	20170602_redGirlMusic2	0.02				42			42			42							197	0.101523	196	0	0	0	0	0	0	0	0	2017-06-29	2017-06-29	12:01:03	0	0	0.000741	27	21	36	26	23	21	20			23842605635890355	80	IMPRESSIONS	APP_INSTALLS	2000	13	50				6003382313337;6003673102262	"Local news;Breaking news"	
23842605475190355	EliAds_UCNews_ID_3	23842606778540355	ID_MF_170603_1012_Interest_BNs_MB_Oi_Cim	23842606778550355	20170602_quickNews	0.02				4			4			4							26	0.769231	26	0	0	0	0	0	0	0	0	2017-06-29	2017-06-29	12:01:03	0	0	0.02	1		3	1						23842606779020355	100	IMPRESSIONS	APP_INSTALLS	2000	13	50				6003673102262	"Breaking news"	
23842559803430355	EliAds_UCNews_ID	23842560768820355	ID_M_Aud_Oi_Cim_170222_2240_AB_EliAds	23842565229570355	Pic_4_5I	22.14	10	13	13	1733		3	1733	365			10	9	9	2.214	1.703077	1.703077	34869	0.634948	31579	1365	0.01622	3.914652	1316	0.016824	4.167326	3	32	2017-06-29	2017-06-29	12:01:05	113	72											23842580310350355	0	IMPRESSIONS	APP_INSTALLS	7500	13	55	1			6003342288787;6003382313337;6003673102262	"Online newspaper;Local news;Breaking news"	4
23842559803430355	EliAds_UCNews_ID	23842618467480355	ID_MF_AB_Oi_Cim_170628_1240_samsung_combinationo	23842618467580355	20170628_samsung_combination	5.02	3	4	4	493			492	311			3	4	4	1.673333	1.255	1.255	8952	0.560769	8124	181	0.027735	2.021895	178	0.028202	2.191039	3	18	2017-06-29	2017-06-29	12:15:04	57	57											23842618471180355	0	IMPRESSIONS	APP_INSTALLS	2000	15	48						3
23842605475190355	EliAds_UCNews_ID_3	23842606778540355	ID_MF_170603_1012_Interest_BNs_MB_Oi_Cim	23842615233460355	20170619_testV1	0.03				2			2	1		1							41	0.731707	41	0	0	0	0	0	0	0	0	2017-06-29	2017-06-29	12:15:04	0	0	0.03	1		1	1						23842615237530355	100	IMPRESSIONS	APP_INSTALLS	2000	13	50				6003673102262	"Breaking news"	
23842605475190355	EliAds_UCNews_ID_3	23842605619310355	ID_MF_170602_1053_Interest_MB_Oi_Cim	23842615240600355	20170619_test3	0																	1	0	1	0	0	0	0	0	0	0	0	2017-06-29	2017-06-29	12:15:05	0	0											23842615241480355	80	IMPRESSIONS	APP_INSTALLS	2000	13	50				6003382313337;6003673102262	"Local news;Breaking news"	
23842605475190355	EliAds_UCNews_ID_3	23842605619310355	ID_MF_170602_1053_Interest_MB_Oi_Cim	23842605619300355	20170602_redGirlMusic2	0.02				42			42			42							197	0.101523	196	0	0	0	0	0	0	0	0	2017-06-29	2017-06-29	12:15:06	0	0	0.000741	27	21	36	26	23	21	20			23842605635890355	80	IMPRESSIONS	APP_INSTALLS	2000	13	50				6003382313337;6003673102262	"Local news;Breaking news"	
23842605475190355	EliAds_UCNews_ID_3	23842606778540355	ID_MF_170603_1012_Interest_BNs_MB_Oi_Cim	23842606778550355	20170602_quickNews	0.02				4			4			4							26	0.769231	26	0	0	0	0	0	0	0	0	2017-06-29	2017-06-29	12:15:07	0	0	0.02	1		3	1						23842606779020355	100	IMPRESSIONS	APP_INSTALLS	2000	13	50				6003673102262	"Breaking news"	
23842559803430355	EliAds_UCNews_ID	23842560768820355	ID_M_Aud_Oi_Cim_170222_2240_AB_EliAds	23842565229570355	Pic_4_5I	22.14	10	13	13	1733		3	1733	365			10	9	9	2.214	1.703077	1.703077	34906	0.634275	31620	1365	0.01622	3.910502	1316	0.016824	4.161923	3	32	2017-06-29	2017-06-29	12:15:08	113	72											23842580310350355	0	IMPRESSIONS	APP_INSTALLS	7500	13	55	1			6003342288787;6003382313337;6003673102262	"Online newspaper;Local news;Breaking news"	4
23842559803430355	EliAds_UCNews_ID	23842618467480355	ID_MF_AB_Oi_Cim_170628_1240_samsung_combinationo	23842618467580355	20170628_samsung_combination	5.04	4	4	4	494			493	311			4	4	4	1.26	1.26	1.26	8980	0.561247	8149	182	0.027692	2.026726	179	0.028156	2.196589	3	18	2017-06-29	2017-06-29	12:45:40	57	57											23842618471180355	0	IMPRESSIONS	APP_INSTALLS	2000	15	48						3
23842605475190355	EliAds_UCNews_ID_3	23842606778540355	ID_MF_170603_1012_Interest_BNs_MB_Oi_Cim	23842615233460355	20170619_testV1	0.03				2			2	1		1							41	0.731707	41	0	0	0	0	0	0	0	0	2017-06-29	2017-06-29	12:45:40	0	0	0.03	1		1	1						23842615237530355	100	IMPRESSIONS	APP_INSTALLS	2000	13	50				6003673102262	"Breaking news"	
23842605475190355	EliAds_UCNews_ID_3	23842605619310355	ID_MF_170602_1053_Interest_MB_Oi_Cim	23842615240600355	20170619_test3	0																	1	0	1	0	0	0	0	0	0	0	0	2017-06-29	2017-06-29	12:45:41	0	0											23842615241480355	80	IMPRESSIONS	APP_INSTALLS	2000	13	50				6003382313337;6003673102262	"Local news;Breaking news"	
23842605475190355	EliAds_UCNews_ID_3	23842605619310355	ID_MF_170602_1053_Interest_MB_Oi_Cim	23842605619300355	20170602_redGirlMusic2	0.02				42			42			42							197	0.101523	196	0	0	0	0	0	0	0	0	2017-06-29	2017-06-29	12:45:43	0	0	0.000741	27	21	36	26	23	21	20			23842605635890355	80	IMPRESSIONS	APP_INSTALLS	2000	13	50				6003382313337;6003673102262	"Local news;Breaking news"	
23842605475190355	EliAds_UCNews_ID_3	23842606778540355	ID_MF_170603_1012_Interest_BNs_MB_Oi_Cim	23842606778550355	20170602_quickNews	0.02				4			4			4							26	0.769231	26	0	0	0	0	0	0	0	0	2017-06-29	2017-06-29	12:45:44	0	0	0.02	1		3	1						23842606779020355	100	IMPRESSIONS	APP_INSTALLS	2000	13	50				6003673102262	"Breaking news"	
23842559803430355	EliAds_UCNews_ID	23842560768820355	ID_M_Aud_Oi_Cim_170222_2240_AB_EliAds	23842565229570355	Pic_4_5I	22.16	13	15	15	1735		3	1735	365			13	11	11	1.704615	1.477333	1.477333	34946	0.634121	31641	1367	0.016211	3.91175	1318	0.016813	4.165481	3	32	2017-06-29	2017-06-29	12:45:45	113	72											23842580310350355	0	IMPRESSIONS	APP_INSTALLS	7500	13	55	1			6003342288787;6003382313337;6003673102262	"Online newspaper;Local news;Breaking news"	4
23842559803430355	EliAds_UCNews_ID	23842618467480355	ID_MF_AB_Oi_Cim_170628_1240_samsung_combinationo	23842618467580355	20170628_samsung_combination	5.04	5	5	5	494			493	311			5	5	5	1.008	1.008	1.008	8996	0.560249	8161	182	0.027692	2.023121	179	0.028156	2.193359	3	18	2017-06-29	2017-06-29	13:16:12	57	57											23842618471180355	0	IMPRESSIONS	APP_INSTALLS	2000	15	48						3
23842605475190355	EliAds_UCNews_ID_3	23842606778540355	ID_MF_170603_1012_Interest_BNs_MB_Oi_Cim	23842615233460355	20170619_testV1	0.03				2			2	1		1							41	0.731707	41	0	0	0	0	0	0	0	0	2017-06-29	2017-06-29	13:16:13	0	0	0.03	1		1	1						23842615237530355	100	IMPRESSIONS	APP_INSTALLS	2000	13	50				6003673102262	"Breaking news"	
23842605475190355	EliAds_UCNews_ID_3	23842605619310355	ID_MF_170602_1053_Interest_MB_Oi_Cim	23842615240600355	20170619_test3	0																	1	0	1	0	0	0	0	0	0	0	0	2017-06-29	2017-06-29	13:16:13	0	0											23842615241480355	80	IMPRESSIONS	APP_INSTALLS	2000	13	50				6003382313337;6003673102262	"Local news;Breaking news"	
23842605475190355	EliAds_UCNews_ID_3	23842605619310355	ID_MF_170602_1053_Interest_MB_Oi_Cim	23842605619300355	20170602_redGirlMusic2	0.02				42			42			42							197	0.101523	196	0	0	0	0	0	0	0	0	2017-06-29	2017-06-29	13:16:14	0	0	0.000741	27	21	36	26	23	21	20			23842605635890355	80	IMPRESSIONS	APP_INSTALLS	2000	13	50				6003382313337;6003673102262	"Local news;Breaking news"	
23842605475190355	EliAds_UCNews_ID_3	23842606778540355	ID_MF_170603_1012_Interest_BNs_MB_Oi_Cim	23842606778550355	20170602_quickNews	0.02				4			4			4							26	0.769231	26	0	0	0	0	0	0	0	0	2017-06-29	2017-06-29	13:16:15	0	0	0.02	1		3	1						23842606779020355	100	IMPRESSIONS	APP_INSTALLS	2000	13	50				6003673102262	"Breaking news"	
23842559803430355	EliAds_UCNews_ID	23842560768820355	ID_M_Aud_Oi_Cim_170222_2240_AB_EliAds	23842565229570355	Pic_4_5I	22.18	13	15	15	1736		3	1736	365			13	11	11	1.706154	1.478667	1.478667	34976	0.634149	31649	1368	0.016213	3.911253	1319	0.016816	4.167588	3	32	2017-06-29	2017-06-29	13:16:17	113	72											23842580310350355	0	IMPRESSIONS	APP_INSTALLS	7500	13	55	1			6003342288787;6003382313337;6003673102262	"Online newspaper;Local news;Breaking news"	4
23842559803430355	EliAds_UCNews_ID	23842618467480355	ID_MF_AB_Oi_Cim_170628_1240_samsung_combinationo	23842618467580355	20170628_samsung_combination	5.08	6	6	6	495			494	311			6	6	6	0.846667	0.846667	0.846667	9018	0.563318	8180	183	0.02776	2.029275	180	0.028222	2.200489	3	18	2017-06-29	2017-06-29	14:36:01	57	57											23842618471180355	0	IMPRESSIONS	APP_INSTALLS	2000	15	48						3
23842605475190355	EliAds_UCNews_ID_3	23842606778540355	ID_MF_170603_1012_Interest_BNs_MB_Oi_Cim	23842615233460355	20170619_testV1	0.03				2			2	1		1							41	0.731707	41	0	0	0	0	0	0	0	0	2017-06-29	2017-06-29	14:36:01	0	0	0.03	1		1	1						23842615237530355	100	IMPRESSIONS	APP_INSTALLS	2000	13	50				6003673102262	"Breaking news"	
23842605475190355	EliAds_UCNews_ID_3	23842605619310355	ID_MF_170602_1053_Interest_MB_Oi_Cim	23842615240600355	20170619_test3	0																	1	0	1	0	0	0	0	0	0	0	0	2017-06-29	2017-06-29	14:36:02	0	0											23842615241480355	80	IMPRESSIONS	APP_INSTALLS	2000	13	50				6003382313337;6003673102262	"Local news;Breaking news"	
23842605475190355	EliAds_UCNews_ID_3	23842605619310355	ID_MF_170602_1053_Interest_MB_Oi_Cim	23842605619300355	20170602_redGirlMusic2	0.02				42			42			42							197	0.101523	196	0	0	0	0	0	0	0	0	2017-06-29	2017-06-29	14:36:03	0	0	0.000741	27	21	36	26	23	21	20			23842605635890355	80	IMPRESSIONS	APP_INSTALLS	2000	13	50				6003382313337;6003673102262	"Local news;Breaking news"	
23842605475190355	EliAds_UCNews_ID_3	23842606778540355	ID_MF_170603_1012_Interest_BNs_MB_Oi_Cim	23842606778550355	20170602_quickNews	0.02				4			4			4							26	0.769231	26	0	0	0	0	0	0	0	0	2017-06-29	2017-06-29	14:36:05	0	0	0.02	1		3	1						23842606779020355	100	IMPRESSIONS	APP_INSTALLS	2000	13	50				6003673102262	"Breaking news"	
23842559803430355	EliAds_UCNews_ID	23842560768820355	ID_M_Aud_Oi_Cim_170222_2240_AB_EliAds	23842565229570355	Pic_4_5I	22.2	13	15	15	1741		3	1741	365			13	11	11	1.707692	1.48	1.48	35017	0.633978	31674	1373	0.016169	3.920953	1324	0.016767	4.180085	3	32	2017-06-29	2017-06-29	14:36:06	113	72											23842580310350355	0	IMPRESSIONS	APP_INSTALLS	7500	13	55	1			6003342288787;6003382313337;6003673102262	"Online newspaper;Local news;Breaking news"	4
23842559803430355	EliAds_UCNews_ID	23842618467480355	ID_MF_AB_Oi_Cim_170628_1240_samsung_combinationo	23842618467580355	20170628_samsung_combination	5.08	6	6	6	495			494	311			6	6	6	0.846667	0.846667	0.846667	9019	0.563255	8181	183	0.02776	2.02905	180	0.028222	2.20022	3	18	2017-06-29	2017-06-29	14:44:38	57	57											23842618471180355	0	IMPRESSIONS	APP_INSTALLS	2000	15	48						3
23842605475190355	EliAds_UCNews_ID_3	23842606778540355	ID_MF_170603_1012_Interest_BNs_MB_Oi_Cim	23842615233460355	20170619_testV1	0.03				2			2	1		1							41	0.731707	41	0	0	0	0	0	0	0	0	2017-06-29	2017-06-29	14:44:38	0	0	0.03	1		1	1						23842615237530355	100	IMPRESSIONS	APP_INSTALLS	2000	13	50				6003673102262	"Breaking news"	
23842605475190355	EliAds_UCNews_ID_3	23842605619310355	ID_MF_170602_1053_Interest_MB_Oi_Cim	23842615240600355	20170619_test3	0																	1	0	1	0	0	0	0	0	0	0	0	2017-06-29	2017-06-29	14:44:39	0	0											23842615241480355	80	IMPRESSIONS	APP_INSTALLS	2000	13	50				6003382313337;6003673102262	"Local news;Breaking news"	
23842605475190355	EliAds_UCNews_ID_3	23842605619310355	ID_MF_170602_1053_Interest_MB_Oi_Cim	23842605619300355	20170602_redGirlMusic2	0.02				42			42			42							197	0.101523	196	0	0	0	0	0	0	0	0	2017-06-29	2017-06-29	14:44:40	0	0	0.000741	27	21	36	26	23	21	20			23842605635890355	80	IMPRESSIONS	APP_INSTALLS	2000	13	50				6003382313337;6003673102262	"Local news;Breaking news"	
23842605475190355	EliAds_UCNews_ID_3	23842606778540355	ID_MF_170603_1012_Interest_BNs_MB_Oi_Cim	23842606778550355	20170602_quickNews	0.02				4			4			4							26	0.769231	26	0	0	0	0	0	0	0	0	2017-06-29	2017-06-29	14:44:41	0	0	0.02	1		3	1						23842606779020355	100	IMPRESSIONS	APP_INSTALLS	2000	13	50				6003673102262	"Breaking news"	
23842559803430355	EliAds_UCNews_ID	23842560768820355	ID_M_Aud_Oi_Cim_170222_2240_AB_EliAds	23842565229570355	Pic_4_5I	22.2	13	15	15	1741		3	1741	365			13	11	11	1.707692	1.48	1.48	35017	0.633978	31681	1373	0.016169	3.920953	1324	0.016767	4.179161	3	32	2017-06-29	2017-06-29	14:44:42	113	72											23842580310350355	0	IMPRESSIONS	APP_INSTALLS	7500	13	55	1			6003342288787;6003382313337;6003673102262	"Online newspaper;Local news;Breaking news"	4
23842559803430355	EliAds_UCNews_ID	23842618467480355	ID_MF_AB_Oi_Cim_170628_1240_samsung_combinationo	23842618467580355	20170628_samsung_combination	5.08	6	6	6	495			494	311			6	6	6	0.846667	0.846667	0.846667	9023	0.563006	8181	183	0.02776	2.02815	180	0.028222	2.20022	3	18	2017-06-29	2017-06-29	15:18:13	57	57											23842618471180355	0	IMPRESSIONS	APP_INSTALLS	2000	15	48						3
23842605475190355	EliAds_UCNews_ID_3	23842606778540355	ID_MF_170603_1012_Interest_BNs_MB_Oi_Cim	23842615233460355	20170619_testV1	0.03				2			2	1		1							41	0.731707	41	0	0	0	0	0	0	0	0	2017-06-29	2017-06-29	15:18:14	0	0	0.03	1		1	1						23842615237530355	100	IMPRESSIONS	APP_INSTALLS	2000	13	50				6003673102262	"Breaking news"	
23842605475190355	EliAds_UCNews_ID_3	23842605619310355	ID_MF_170602_1053_Interest_MB_Oi_Cim	23842615240600355	20170619_test3	0																	1	0	1	0	0	0	0	0	0	0	0	2017-06-29	2017-06-29	15:18:15	0	0											23842615241480355	80	IMPRESSIONS	APP_INSTALLS	2000	13	50				6003382313337;6003673102262	"Local news;Breaking news"	
23842605475190355	EliAds_UCNews_ID_3	23842605619310355	ID_MF_170602_1053_Interest_MB_Oi_Cim	23842605619300355	20170602_redGirlMusic2	0.02				42			42			42							197	0.101523	196	0	0	0	0	0	0	0	0	2017-06-29	2017-06-29	15:18:16	0	0	0.000741	27	21	36	26	23	21	20			23842605635890355	80	IMPRESSIONS	APP_INSTALLS	2000	13	50				6003382313337;6003673102262	"Local news;Breaking news"	
23842605475190355	EliAds_UCNews_ID_3	23842606778540355	ID_MF_170603_1012_Interest_BNs_MB_Oi_Cim	23842606778550355	20170602_quickNews	0.02				4			4			4							26	0.769231	26	0	0	0	0	0	0	0	0	2017-06-29	2017-06-29	15:18:17	0	0	0.02	1		3	1						23842606779020355	100	IMPRESSIONS	APP_INSTALLS	2000	13	50				6003673102262	"Breaking news"	
23842559803430355	EliAds_UCNews_ID	23842560768820355	ID_M_Aud_Oi_Cim_170222_2240_AB_EliAds	23842565229570355	Pic_4_5I	22.2	13	15	15	1741		3	1741	365			13	11	11	1.707692	1.48	1.48	35028	0.633779	31690	1373	0.016169	3.919721	1324	0.016767	4.177974	3	32	2017-06-29	2017-06-29	15:18:18	113	72											23842580310350355	0	IMPRESSIONS	APP_INSTALLS	7500	13	55	1			6003342288787;6003382313337;6003673102262	"Online newspaper;Local news;Breaking news"	4
23842559803430355	EliAds_UCNews_ID	23842618467480355	ID_MF_AB_Oi_Cim_170628_1240_samsung_combinationo	23842618467580355	20170628_samsung_combination	5.08	6	6	6	496			495	311			6	6	6	0.846667	0.846667	0.846667	9029	0.562632	8188	184	0.027609	2.037878	181	0.028066	2.210552	3	18	2017-06-29	2017-06-29	15:45:16	57	57											23842618471180355	0	IMPRESSIONS	APP_INSTALLS	2000	15	48						3
23842605475190355	EliAds_UCNews_ID_3	23842606778540355	ID_MF_170603_1012_Interest_BNs_MB_Oi_Cim	23842615233460355	20170619_testV1	0.03				2			2	1		1							41	0.731707	41	0	0	0	0	0	0	0	0	2017-06-29	2017-06-29	15:45:16	0	0	0.03	1		1	1						23842615237530355	100	IMPRESSIONS	APP_INSTALLS	2000	13	50				6003673102262	"Breaking news"	
23842605475190355	EliAds_UCNews_ID_3	23842605619310355	ID_MF_170602_1053_Interest_MB_Oi_Cim	23842615240600355	20170619_test3	0																	1	0	1	0	0	0	0	0	0	0	0	2017-06-29	2017-06-29	15:45:17	0	0											23842615241480355	80	IMPRESSIONS	APP_INSTALLS	2000	13	50				6003382313337;6003673102262	"Local news;Breaking news"	
23842605475190355	EliAds_UCNews_ID_3	23842605619310355	ID_MF_170602_1053_Interest_MB_Oi_Cim	23842605619300355	20170602_redGirlMusic2	0.02				42			42			42							197	0.101523	196	0	0	0	0	0	0	0	0	2017-06-29	2017-06-29	15:45:18	0	0	0.000741	27	21	36	26	23	21	20			23842605635890355	80	IMPRESSIONS	APP_INSTALLS	2000	13	50				6003382313337;6003673102262	"Local news;Breaking news"	
23842605475190355	EliAds_UCNews_ID_3	23842606778540355	ID_MF_170603_1012_Interest_BNs_MB_Oi_Cim	23842606778550355	20170602_quickNews	0.02				4			4			4							26	0.769231	26	0	0	0	0	0	0	0	0	2017-06-29	2017-06-29	15:45:18	0	0	0.02	1		3	1						23842606779020355	100	IMPRESSIONS	APP_INSTALLS	2000	13	50				6003673102262	"Breaking news"	
23842559803430355	EliAds_UCNews_ID	23842560768820355	ID_M_Aud_Oi_Cim_170222_2240_AB_EliAds	23842565229570355	Pic_4_5I	22.21	14	17	17	1742		3	1742	366			14	13	13	1.586429	1.306471	1.306471	35038	0.633883	31694	1373	0.016176	3.918603	1324	0.016775	4.177447	3	32	2017-06-29	2017-06-29	15:45:21	113	72											23842580310350355	0	IMPRESSIONS	APP_INSTALLS	7500	13	55	1			6003342288787;6003382313337;6003673102262	"Online newspaper;Local news;Breaking news"	4
23842559803430355	EliAds_UCNews_ID	23842618467480355	ID_MF_AB_Oi_Cim_170628_1240_samsung_combinationo	23842618467580355	20170628_samsung_combination	5.09	7	8	8	497			496	311			7	7	7	0.727143	0.63625	0.63625	9036	0.563302	8197	185	0.027514	2.047366	182	0.027967	2.220325	3	18	2017-06-29	2017-06-29	16:45:30	57	57											23842618471180355	0	IMPRESSIONS	APP_INSTALLS	2000	15	48						3
23842605475190355	EliAds_UCNews_ID_3	23842606778540355	ID_MF_170603_1012_Interest_BNs_MB_Oi_Cim	23842615233460355	20170619_testV1	0.03				2			2	1		1							41	0.731707	41	0	0	0	0	0	0	0	0	2017-06-29	2017-06-29	16:45:31	0	0	0.03	1		1	1						23842615237530355	100	IMPRESSIONS	APP_INSTALLS	2000	13	50				6003673102262	"Breaking news"	
23842605475190355	EliAds_UCNews_ID_3	23842605619310355	ID_MF_170602_1053_Interest_MB_Oi_Cim	23842615240600355	20170619_test3	0																	1	0	1	0	0	0	0	0	0	0	0	2017-06-29	2017-06-29	16:45:31	0	0											23842615241480355	80	IMPRESSIONS	APP_INSTALLS	2000	13	50				6003382313337;6003673102262	"Local news;Breaking news"	
23842605475190355	EliAds_UCNews_ID_3	23842605619310355	ID_MF_170602_1053_Interest_MB_Oi_Cim	23842605619300355	20170602_redGirlMusic2	0.02				42			42			42							197	0.101523	196	0	0	0	0	0	0	0	0	2017-06-29	2017-06-29	16:45:38	0	0	0.000741	27	21	36	26	23	21	20			23842605635890355	80	IMPRESSIONS	APP_INSTALLS	2000	13	50				6003382313337;6003673102262	"Local news;Breaking news"	
23842605475190355	EliAds_UCNews_ID_3	23842606778540355	ID_MF_170603_1012_Interest_BNs_MB_Oi_Cim	23842606778550355	20170602_quickNews	0.02				4			4			4							26	0.769231	26	0	0	0	0	0	0	0	0	2017-06-29	2017-06-29	16:45:39	0	0	0.02	1		3	1						23842606779020355	100	IMPRESSIONS	APP_INSTALLS	2000	13	50				6003673102262	"Breaking news"	
23842559803430355	EliAds_UCNews_ID	23842560768820355	ID_M_Aud_Oi_Cim_170222_2240_AB_EliAds	23842565229570355	Pic_4_5I	22.22	14	17	17	1745		3	1745	366			14	13	13	1.587143	1.307059	1.307059	35044	0.63406	31692	1376	0.016148	3.926492	1327	0.016745	4.187177	3	32	2017-06-29	2017-06-29	16:45:41	113	72											23842580310350355	0	IMPRESSIONS	APP_INSTALLS	7500	13	55	1			6003342288787;6003382313337;6003673102262	"Online newspaper;Local news;Breaking news"	4
23842559803430355	EliAds_UCNews_ID	23842618467480355	ID_MF_AB_Oi_Cim_170628_1240_samsung_combinationo	23842618467580355	20170628_samsung_combination	5.09	7	8	8	497			496	311			7	7	7	0.727143	0.63625	0.63625	9036	0.563302	8197	185	0.027514	2.047366	182	0.027967	2.220325	3	18	2017-06-29	2017-06-29	16:51:57	57	57											23842618471180355	0	IMPRESSIONS	APP_INSTALLS	2000	15	48						3
23842605475190355	EliAds_UCNews_ID_3	23842606778540355	ID_MF_170603_1012_Interest_BNs_MB_Oi_Cim	23842615233460355	20170619_testV1	0.03				2			2	1		1							41	0.731707	41	0	0	0	0	0	0	0	0	2017-06-29	2017-06-29	16:51:58	0	0	0.03	1		1	1						23842615237530355	100	IMPRESSIONS	APP_INSTALLS	2000	13	50				6003673102262	"Breaking news"	
23842605475190355	EliAds_UCNews_ID_3	23842605619310355	ID_MF_170602_1053_Interest_MB_Oi_Cim	23842615240600355	20170619_test3	0																	1	0	1	0	0	0	0	0	0	0	0	2017-06-29	2017-06-29	16:51:58	0	0											23842615241480355	80	IMPRESSIONS	APP_INSTALLS	2000	13	50				6003382313337;6003673102262	"Local news;Breaking news"	
23842605475190355	EliAds_UCNews_ID_3	23842605619310355	ID_MF_170602_1053_Interest_MB_Oi_Cim	23842605619300355	20170602_redGirlMusic2	0.02				42			42			42							197	0.101523	196	0	0	0	0	0	0	0	0	2017-06-29	2017-06-29	16:52:01	0	0	0.000741	27	21	36	26	23	21	20			23842605635890355	80	IMPRESSIONS	APP_INSTALLS	2000	13	50				6003382313337;6003673102262	"Local news;Breaking news"	
23842605475190355	EliAds_UCNews_ID_3	23842606778540355	ID_MF_170603_1012_Interest_BNs_MB_Oi_Cim	23842606778550355	20170602_quickNews	0.02				4			4			4							26	0.769231	26	0	0	0	0	0	0	0	0	2017-06-29	2017-06-29	16:52:02	0	0	0.02	1		3	1						23842606779020355	100	IMPRESSIONS	APP_INSTALLS	2000	13	50				6003673102262	"Breaking news"	
23842559803430355	EliAds_UCNews_ID	23842560768820355	ID_M_Aud_Oi_Cim_170222_2240_AB_EliAds	23842565229570355	Pic_4_5I	22.22	14	17	17	1745		3	1745	366			14	13	13	1.587143	1.307059	1.307059	35044	0.63406	31692	1376	0.016148	3.926492	1327	0.016745	4.187177	3	32	2017-06-29	2017-06-29	16:52:04	113	72											23842580310350355	0	IMPRESSIONS	APP_INSTALLS	7500	13	55	1			6003342288787;6003382313337;6003673102262	"Online newspaper;Local news;Breaking news"	4
23842559803430355	EliAds_UCNews_ID	23842618467480355	ID_MF_AB_Oi_Cim_170628_1240_samsung_combinationo	23842618467580355	20170628_samsung_combination	5.09	7	8	8	497			496	311			7	7	7	0.727143	0.63625	0.63625	9036	0.563302	8197	185	0.027514	2.047366	182	0.027967	2.220325	3	18	2017-06-29	2017-06-29	17:16:48	57	57											23842618471180355	0	IMPRESSIONS	APP_INSTALLS	2000	15	48						3
23842605475190355	EliAds_UCNews_ID_3	23842606778540355	ID_MF_170603_1012_Interest_BNs_MB_Oi_Cim	23842615233460355	20170619_testV1	0.03				2			2	1		1							41	0.731707	41	0	0	0	0	0	0	0	0	2017-06-29	2017-06-29	17:16:49	0	0	0.03	1		1	1						23842615237530355	100	IMPRESSIONS	APP_INSTALLS	2000	13	50				6003673102262	"Breaking news"	
23842605475190355	EliAds_UCNews_ID_3	23842605619310355	ID_MF_170602_1053_Interest_MB_Oi_Cim	23842615240600355	20170619_test3	0																	1	0	1	0	0	0	0	0	0	0	0	2017-06-29	2017-06-29	17:16:49	0	0											23842615241480355	80	IMPRESSIONS	APP_INSTALLS	2000	13	50				6003382313337;6003673102262	"Local news;Breaking news"	
23842605475190355	EliAds_UCNews_ID_3	23842605619310355	ID_MF_170602_1053_Interest_MB_Oi_Cim	23842605619300355	20170602_redGirlMusic2	0.02				42			42			42							197	0.101523	196	0	0	0	0	0	0	0	0	2017-06-29	2017-06-29	17:16:51	0	0	0.000741	27	21	36	26	23	21	20			23842605635890355	80	IMPRESSIONS	APP_INSTALLS	2000	13	50				6003382313337;6003673102262	"Local news;Breaking news"	
23842605475190355	EliAds_UCNews_ID_3	23842606778540355	ID_MF_170603_1012_Interest_BNs_MB_Oi_Cim	23842606778550355	20170602_quickNews	0.02				4			4			4							26	0.769231	26	0	0	0	0	0	0	0	0	2017-06-29	2017-06-29	17:16:51	0	0	0.02	1		3	1						23842606779020355	100	IMPRESSIONS	APP_INSTALLS	2000	13	50				6003673102262	"Breaking news"	
23842559803430355	EliAds_UCNews_ID	23842560768820355	ID_M_Aud_Oi_Cim_170222_2240_AB_EliAds	23842565229570355	Pic_4_5I	22.22	14	17	17	1745		3	1745	366			14	13	13	1.587143	1.307059	1.307059	35047	0.634006	31694	1376	0.016148	3.926156	1327	0.016745	4.186912	3	32	2017-06-29	2017-06-29	17:16:53	113	72											23842580310350355	0	IMPRESSIONS	APP_INSTALLS	7500	13	55	1			6003342288787;6003382313337;6003673102262	"Online newspaper;Local news;Breaking news"	4
23842559803430355	EliAds_UCNews_ID	23842618467480355	ID_MF_AB_Oi_Cim_170628_1240_samsung_combinationo	23842618467580355	20170628_samsung_combination	5.09	7	8	8	497			496	311			7	7	7	0.727143	0.63625	0.63625	9036	0.563302	8197	185	0.027514	2.047366	182	0.027967	2.220325	3	18	2017-06-29	2017-06-29	17:49:02	57	57											23842618471180355	0	IMPRESSIONS	APP_INSTALLS	2000	15	48						3
23842605475190355	EliAds_UCNews_ID_3	23842606778540355	ID_MF_170603_1012_Interest_BNs_MB_Oi_Cim	23842615233460355	20170619_testV1	0.03				2			2	1		1							41	0.731707	41	0	0	0	0	0	0	0	0	2017-06-29	2017-06-29	17:49:02	0	0	0.03	1		1	1						23842615237530355	100	IMPRESSIONS	APP_INSTALLS	2000	13	50				6003673102262	"Breaking news"	
23842605475190355	EliAds_UCNews_ID_3	23842605619310355	ID_MF_170602_1053_Interest_MB_Oi_Cim	23842615240600355	20170619_test3	0																	1	0	1	0	0	0	0	0	0	0	0	2017-06-29	2017-06-29	17:49:02	0	0											23842615241480355	80	IMPRESSIONS	APP_INSTALLS	2000	13	50				6003382313337;6003673102262	"Local news;Breaking news"	
23842605475190355	EliAds_UCNews_ID_3	23842605619310355	ID_MF_170602_1053_Interest_MB_Oi_Cim	23842605619300355	20170602_redGirlMusic2	0.02				42			42			42							197	0.101523	196	0	0	0	0	0	0	0	0	2017-06-29	2017-06-29	17:49:04	0	0	0.000741	27	21	36	26	23	21	20			23842605635890355	80	IMPRESSIONS	APP_INSTALLS	2000	13	50				6003382313337;6003673102262	"Local news;Breaking news"	
23842605475190355	EliAds_UCNews_ID_3	23842606778540355	ID_MF_170603_1012_Interest_BNs_MB_Oi_Cim	23842606778550355	20170602_quickNews	0.02				4			4			4							26	0.769231	26	0	0	0	0	0	0	0	0	2017-06-29	2017-06-29	17:49:04	0	0	0.02	1		3	1						23842606779020355	100	IMPRESSIONS	APP_INSTALLS	2000	13	50				6003673102262	"Breaking news"	
23842559803430355	EliAds_UCNews_ID	23842560768820355	ID_M_Aud_Oi_Cim_170222_2240_AB_EliAds	23842565229570355	Pic_4_5I	22.22	14	18	18	1745		3	1745	366			14	14	14	1.587143	1.234444	1.234444	35048	0.633988	31695	1376	0.016148	3.926044	1327	0.016745	4.18678	3	32	2017-06-29	2017-06-29	17:49:06	113	72											23842580310350355	0	IMPRESSIONS	APP_INSTALLS	7500	13	55	1			6003342288787;6003382313337;6003673102262	"Online newspaper;Local news;Breaking news"	4
23842559803430355	EliAds_UCNews_ID	23842618467480355	ID_MF_AB_Oi_Cim_170628_1240_samsung_combinationo	23842618467580355	20170628_samsung_combination	5.09	7	8	8	497			496	311			7	7	7	0.727143	0.63625	0.63625	9036	0.563302	8197	185	0.027514	2.047366	182	0.027967	2.220325	3	18	2017-06-29	2017-06-29	18:16:28	57	57											23842618471180355	0	IMPRESSIONS	APP_INSTALLS	2000	15	48						3
23842605475190355	EliAds_UCNews_ID_3	23842606778540355	ID_MF_170603_1012_Interest_BNs_MB_Oi_Cim	23842615233460355	20170619_testV1	0.03				2			2	1		1							41	0.731707	41	0	0	0	0	0	0	0	0	2017-06-29	2017-06-29	18:16:29	0	0	0.03	1		1	1						23842615237530355	100	IMPRESSIONS	APP_INSTALLS	2000	13	50				6003673102262	"Breaking news"	
23842605475190355	EliAds_UCNews_ID_3	23842605619310355	ID_MF_170602_1053_Interest_MB_Oi_Cim	23842615240600355	20170619_test3	0																	1	0	1	0	0	0	0	0	0	0	0	2017-06-29	2017-06-29	18:16:29	0	0											23842615241480355	80	IMPRESSIONS	APP_INSTALLS	2000	13	50				6003382313337;6003673102262	"Local news;Breaking news"	
23842605475190355	EliAds_UCNews_ID_3	23842605619310355	ID_MF_170602_1053_Interest_MB_Oi_Cim	23842605619300355	20170602_redGirlMusic2	0.02				42			42			42							197	0.101523	196	0	0	0	0	0	0	0	0	2017-06-29	2017-06-29	18:16:30	0	0	0.000741	27	21	36	26	23	21	20			23842605635890355	80	IMPRESSIONS	APP_INSTALLS	2000	13	50				6003382313337;6003673102262	"Local news;Breaking news"	
23842605475190355	EliAds_UCNews_ID_3	23842606778540355	ID_MF_170603_1012_Interest_BNs_MB_Oi_Cim	23842606778550355	20170602_quickNews	0.02				4			4			4							26	0.769231	26	0	0	0	0	0	0	0	0	2017-06-29	2017-06-29	18:16:31	0	0	0.02	1		3	1						23842606779020355	100	IMPRESSIONS	APP_INSTALLS	2000	13	50				6003673102262	"Breaking news"	
23842559803430355	EliAds_UCNews_ID	23842560768820355	ID_M_Aud_Oi_Cim_170222_2240_AB_EliAds	23842565229570355	Pic_4_5I	22.22	14	18	18	1745		3	1745	366			14	14	14	1.587143	1.234444	1.234444	35048	0.633988	31695	1376	0.016148	3.926044	1327	0.016745	4.18678	3	32	2017-06-29	2017-06-29	18:16:33	113	72											23842580310350355	0	IMPRESSIONS	APP_INSTALLS	7500	13	55	1			6003342288787;6003382313337;6003673102262	"Online newspaper;Local news;Breaking news"	4
23842559803430355	EliAds_UCNews_ID	23842618467480355	ID_MF_AB_Oi_Cim_170628_1240_samsung_combinationo	23842618467580355	20170628_samsung_combination	5.09	7	8	8	497			496	311			7	7	7	0.727143	0.63625	0.63625	9036	0.563302	8197	185	0.027514	2.047366	182	0.027967	2.220325	3	18	2017-06-29	2017-06-29	18:46:44	57	57											23842618471180355	0	IMPRESSIONS	APP_INSTALLS	2000	15	48						3
23842605475190355	EliAds_UCNews_ID_3	23842606778540355	ID_MF_170603_1012_Interest_BNs_MB_Oi_Cim	23842615233460355	20170619_testV1	0.03				2			2	1		1							41	0.731707	41	0	0	0	0	0	0	0	0	2017-06-29	2017-06-29	18:46:44	0	0	0.03	1		1	1						23842615237530355	100	IMPRESSIONS	APP_INSTALLS	2000	13	50				6003673102262	"Breaking news"	
23842605475190355	EliAds_UCNews_ID_3	23842605619310355	ID_MF_170602_1053_Interest_MB_Oi_Cim	23842615240600355	20170619_test3	0																	1	0	1	0	0	0	0	0	0	0	0	2017-06-29	2017-06-29	18:46:44	0	0											23842615241480355	80	IMPRESSIONS	APP_INSTALLS	2000	13	50				6003382313337;6003673102262	"Local news;Breaking news"	
23842605475190355	EliAds_UCNews_ID_3	23842605619310355	ID_MF_170602_1053_Interest_MB_Oi_Cim	23842605619300355	20170602_redGirlMusic2	0.02				42			42			42							197	0.101523	196	0	0	0	0	0	0	0	0	2017-06-29	2017-06-29	18:46:47	0	0	0.000741	27	21	36	26	23	21	20			23842605635890355	80	IMPRESSIONS	APP_INSTALLS	2000	13	50				6003382313337;6003673102262	"Local news;Breaking news"	
23842605475190355	EliAds_UCNews_ID_3	23842606778540355	ID_MF_170603_1012_Interest_BNs_MB_Oi_Cim	23842606778550355	20170602_quickNews	0.02				4			4			4							26	0.769231	26	0	0	0	0	0	0	0	0	2017-06-29	2017-06-29	18:46:48	0	0	0.02	1		3	1						23842606779020355	100	IMPRESSIONS	APP_INSTALLS	2000	13	50				6003673102262	"Breaking news"	
23842559803430355	EliAds_UCNews_ID	23842560768820355	ID_M_Aud_Oi_Cim_170222_2240_AB_EliAds	23842565229570355	Pic_4_5I	22.22	15	18	18	1746		3	1746	366			15	14	14	1.481333	1.234444	1.234444	35048	0.633988	31695	1377	0.016137	3.928898	1328	0.016732	4.189935	3	32	2017-06-29	2017-06-29	18:46:50	113	72											23842580310350355	0	IMPRESSIONS	APP_INSTALLS	7500	13	55	1			6003342288787;6003382313337;6003673102262	"Online newspaper;Local news;Breaking news"	4
23842559803430355	EliAds_UCNews_ID	23842618467480355	ID_MF_AB_Oi_Cim_170628_1240_samsung_combinationo	23842618467580355	20170628_samsung_combination	5.09	7	8	8	498			497	311			7	7	7	0.727143	0.63625	0.63625	9036	0.563302	8197	186	0.027366	2.058433	183	0.027814	2.232524	3	18	2017-06-29	2017-06-29	19:44:21	57	57											23842618471180355	0	IMPRESSIONS	APP_INSTALLS	2000	15	48						3
23842605475190355	EliAds_UCNews_ID_3	23842606778540355	ID_MF_170603_1012_Interest_BNs_MB_Oi_Cim	23842615233460355	20170619_testV1	0.03				2			2	1		1							41	0.731707	41	0	0	0	0	0	0	0	0	2017-06-29	2017-06-29	19:44:21	0	0	0.03	1		1	1						23842615237530355	100	IMPRESSIONS	APP_INSTALLS	2000	13	50				6003673102262	"Breaking news"	
23842605475190355	EliAds_UCNews_ID_3	23842605619310355	ID_MF_170602_1053_Interest_MB_Oi_Cim	23842615240600355	20170619_test3	0																	1	0	1	0	0	0	0	0	0	0	0	2017-06-29	2017-06-29	19:44:22	0	0											23842615241480355	80	IMPRESSIONS	APP_INSTALLS	2000	13	50				6003382313337;6003673102262	"Local news;Breaking news"	
23842605475190355	EliAds_UCNews_ID_3	23842605619310355	ID_MF_170602_1053_Interest_MB_Oi_Cim	23842605619300355	20170602_redGirlMusic2	0.02				42			42			42							197	0.101523	196	0	0	0	0	0	0	0	0	2017-06-29	2017-06-29	19:44:23	0	0	0.000741	27	21	36	26	23	21	20			23842605635890355	80	IMPRESSIONS	APP_INSTALLS	2000	13	50				6003382313337;6003673102262	"Local news;Breaking news"	
23842605475190355	EliAds_UCNews_ID_3	23842606778540355	ID_MF_170603_1012_Interest_BNs_MB_Oi_Cim	23842606778550355	20170602_quickNews	0.02				4			4			4							26	0.769231	26	0	0	0	0	0	0	0	0	2017-06-29	2017-06-29	19:44:23	0	0	0.02	1		3	1						23842606779020355	100	IMPRESSIONS	APP_INSTALLS	2000	13	50				6003673102262	"Breaking news"	
23842559803430355	EliAds_UCNews_ID	23842560768820355	ID_M_Aud_Oi_Cim_170222_2240_AB_EliAds	23842565229570355	Pic_4_5I	22.22	15	20	20	1748		3	1748	366			15	15	15	1.481333	1.111	1.111	35048	0.633988	31695	1379	0.016113	3.934604	1330	0.016707	4.196245	3	32	2017-06-29	2017-06-29	19:44:25	113	72											23842580310350355	0	IMPRESSIONS	APP_INSTALLS	7500	13	55	1			6003342288787;6003382313337;6003673102262	"Online newspaper;Local news;Breaking news"	4
23842559803430355	EliAds_UCNews_ID	23842618467480355	ID_MF_AB_Oi_Cim_170628_1240_samsung_combinationo	23842618467580355	20170628_samsung_combination	5.09	7	8	8	498			497	311			7	7	7	0.727143	0.63625	0.63625	9036	0.563302	8197	186	0.027366	2.058433	183	0.027814	2.232524	3	18	2017-06-29	2017-06-29	19:51:03	57	57											23842618471180355	0	IMPRESSIONS	APP_INSTALLS	2000	15	48						3
23842605475190355	EliAds_UCNews_ID_3	23842606778540355	ID_MF_170603_1012_Interest_BNs_MB_Oi_Cim	23842615233460355	20170619_testV1	0.03				2			2	1		1							41	0.731707	41	0	0	0	0	0	0	0	0	2017-06-29	2017-06-29	19:51:03	0	0	0.03	1		1	1						23842615237530355	100	IMPRESSIONS	APP_INSTALLS	2000	13	50				6003673102262	"Breaking news"	
23842605475190355	EliAds_UCNews_ID_3	23842605619310355	ID_MF_170602_1053_Interest_MB_Oi_Cim	23842615240600355	20170619_test3	0																	1	0	1	0	0	0	0	0	0	0	0	2017-06-29	2017-06-29	19:51:04	0	0											23842615241480355	80	IMPRESSIONS	APP_INSTALLS	2000	13	50				6003382313337;6003673102262	"Local news;Breaking news"	
23842605475190355	EliAds_UCNews_ID_3	23842605619310355	ID_MF_170602_1053_Interest_MB_Oi_Cim	23842605619300355	20170602_redGirlMusic2	0.02				42			42			42							197	0.101523	196	0	0	0	0	0	0	0	0	2017-06-29	2017-06-29	19:51:06	0	0	0.000741	27	21	36	26	23	21	20			23842605635890355	80	IMPRESSIONS	APP_INSTALLS	2000	13	50				6003382313337;6003673102262	"Local news;Breaking news"	
23842605475190355	EliAds_UCNews_ID_3	23842606778540355	ID_MF_170603_1012_Interest_BNs_MB_Oi_Cim	23842606778550355	20170602_quickNews	0.02				4			4			4							26	0.769231	26	0	0	0	0	0	0	0	0	2017-06-29	2017-06-29	19:51:07	0	0	0.02	1		3	1						23842606779020355	100	IMPRESSIONS	APP_INSTALLS	2000	13	50				6003673102262	"Breaking news"	
23842559803430355	EliAds_UCNews_ID	23842560768820355	ID_M_Aud_Oi_Cim_170222_2240_AB_EliAds	23842565229570355	Pic_4_5I	22.22	15	20	20	1749		3	1749	366			15	15	15	1.481333	1.111	1.111	35048	0.633988	31695	1380	0.016101	3.937457	1331	0.016694	4.199401	3	32	2017-06-29	2017-06-29	19:51:08	113	72											23842580310350355	0	IMPRESSIONS	APP_INSTALLS	7500	13	55	1			6003342288787;6003382313337;6003673102262	"Online newspaper;Local news;Breaking news"	4
23842559803430355	EliAds_UCNews_ID	23842618467480355	ID_MF_AB_Oi_Cim_170628_1240_samsung_combinationo	23842618467580355	20170628_samsung_combination	5.09	7	8	8	498			497	311			7	7	7	0.727143	0.63625	0.63625	9036	0.563302	8197	186	0.027366	2.058433	183	0.027814	2.232524	3	18	2017-06-29	2017-06-29	20:17:14	57	57											23842618471180355	0	IMPRESSIONS	APP_INSTALLS	2000	15	48						3
23842605475190355	EliAds_UCNews_ID_3	23842606778540355	ID_MF_170603_1012_Interest_BNs_MB_Oi_Cim	23842615233460355	20170619_testV1	0.03				2			2	1		1							41	0.731707	41	0	0	0	0	0	0	0	0	2017-06-29	2017-06-29	20:17:15	0	0	0.03	1		1	1						23842615237530355	100	IMPRESSIONS	APP_INSTALLS	2000	13	50				6003673102262	"Breaking news"	
23842605475190355	EliAds_UCNews_ID_3	23842605619310355	ID_MF_170602_1053_Interest_MB_Oi_Cim	23842615240600355	20170619_test3	0																	1	0	1	0	0	0	0	0	0	0	0	2017-06-29	2017-06-29	20:17:16	0	0											23842615241480355	80	IMPRESSIONS	APP_INSTALLS	2000	13	50				6003382313337;6003673102262	"Local news;Breaking news"	
23842605475190355	EliAds_UCNews_ID_3	23842605619310355	ID_MF_170602_1053_Interest_MB_Oi_Cim	23842605619300355	20170602_redGirlMusic2	0.02				42			42			42							197	0.101523	196	0	0	0	0	0	0	0	0	2017-06-29	2017-06-29	20:17:17	0	0	0.000741	27	21	36	26	23	21	20			23842605635890355	80	IMPRESSIONS	APP_INSTALLS	2000	13	50				6003382313337;6003673102262	"Local news;Breaking news"	
23842605475190355	EliAds_UCNews_ID_3	23842606778540355	ID_MF_170603_1012_Interest_BNs_MB_Oi_Cim	23842606778550355	20170602_quickNews	0.02				4			4			4							26	0.769231	26	0	0	0	0	0	0	0	0	2017-06-29	2017-06-29	20:17:18	0	0	0.02	1		3	1						23842606779020355	100	IMPRESSIONS	APP_INSTALLS	2000	13	50				6003673102262	"Breaking news"	
23842559803430355	EliAds_UCNews_ID	23842560768820355	ID_M_Aud_Oi_Cim_170222_2240_AB_EliAds	23842565229570355	Pic_4_5I	22.22	15	20	20	1750		3	1750	366			15	15	15	1.481333	1.111	1.111	35048	0.633988	31695	1381	0.01609	3.94031	1332	0.016682	4.202556	3	32	2017-06-29	2017-06-29	20:17:19	113	72											23842580310350355	0	IMPRESSIONS	APP_INSTALLS	7500	13	55	1			6003342288787;6003382313337;6003673102262	"Online newspaper;Local news;Breaking news"	4
23842559803430355	EliAds_UCNews_ID	23842618467480355	ID_MF_AB_Oi_Cim_170628_1240_samsung_combinationo	23842618467580355	20170628_samsung_combination	5.09	7	8	8	499			498	311			7	7	7	0.727143	0.63625	0.63625	9036	0.563302	8197	187	0.027219	2.0695	184	0.027663	2.244724	3	18	2017-06-29	2017-06-29	20:47:55	57	57											23842618471180355	0	IMPRESSIONS	APP_INSTALLS	2000	15	48						3
23842605475190355	EliAds_UCNews_ID_3	23842606778540355	ID_MF_170603_1012_Interest_BNs_MB_Oi_Cim	23842615233460355	20170619_testV1	0.03				2			2	1		1							41	0.731707	41	0	0	0	0	0	0	0	0	2017-06-29	2017-06-29	20:47:56	0	0	0.03	1		1	1						23842615237530355	100	IMPRESSIONS	APP_INSTALLS	2000	13	50				6003673102262	"Breaking news"	
23842605475190355	EliAds_UCNews_ID_3	23842605619310355	ID_MF_170602_1053_Interest_MB_Oi_Cim	23842615240600355	20170619_test3	0																	1	0	1	0	0	0	0	0	0	0	0	2017-06-29	2017-06-29	20:47:56	0	0											23842615241480355	80	IMPRESSIONS	APP_INSTALLS	2000	13	50				6003382313337;6003673102262	"Local news;Breaking news"	
23842605475190355	EliAds_UCNews_ID_3	23842605619310355	ID_MF_170602_1053_Interest_MB_Oi_Cim	23842605619300355	20170602_redGirlMusic2	0.02				42			42			42							197	0.101523	196	0	0	0	0	0	0	0	0	2017-06-29	2017-06-29	20:47:58	0	0	0.000741	27	21	36	26	23	21	20			23842605635890355	80	IMPRESSIONS	APP_INSTALLS	2000	13	50				6003382313337;6003673102262	"Local news;Breaking news"	
23842605475190355	EliAds_UCNews_ID_3	23842606778540355	ID_MF_170603_1012_Interest_BNs_MB_Oi_Cim	23842606778550355	20170602_quickNews	0.02				4			4			4							26	0.769231	26	0	0	0	0	0	0	0	0	2017-06-29	2017-06-29	20:47:59	0	0	0.02	1		3	1						23842606779020355	100	IMPRESSIONS	APP_INSTALLS	2000	13	50				6003673102262	"Breaking news"	
23842559803430355	EliAds_UCNews_ID	23842560768820355	ID_M_Aud_Oi_Cim_170222_2240_AB_EliAds	23842565229570355	Pic_4_5I	22.22	15	20	20	1750		3	1750	366			15	15	15	1.481333	1.111	1.111	35048	0.633988	31695	1381	0.01609	3.94031	1332	0.016682	4.202556	3	32	2017-06-29	2017-06-29	20:48:00	113	72											23842580310350355	0	IMPRESSIONS	APP_INSTALLS	7500	13	55	1			6003342288787;6003382313337;6003673102262	"Online newspaper;Local news;Breaking news"	4
23842559803430355	EliAds_UCNews_ID	23842618467480355	ID_MF_AB_Oi_Cim_170628_1240_samsung_combinationo	23842618467580355	20170628_samsung_combination	5.09	7	8	8	499			498	311			7	7	7	0.727143	0.63625	0.63625	9036	0.563302	8197	187	0.027219	2.0695	184	0.027663	2.244724	3	18	2017-06-29	2017-06-29	21:18:07	57	57											23842618471180355	0	IMPRESSIONS	APP_INSTALLS	2000	15	48						3
23842605475190355	EliAds_UCNews_ID_3	23842606778540355	ID_MF_170603_1012_Interest_BNs_MB_Oi_Cim	23842615233460355	20170619_testV1	0.03				2			2	1		1							41	0.731707	41	0	0	0	0	0	0	0	0	2017-06-29	2017-06-29	21:18:07	0	0	0.03	1		1	1						23842615237530355	100	IMPRESSIONS	APP_INSTALLS	2000	13	50				6003673102262	"Breaking news"	
23842605475190355	EliAds_UCNews_ID_3	23842605619310355	ID_MF_170602_1053_Interest_MB_Oi_Cim	23842615240600355	20170619_test3	0																	1	0	1	0	0	0	0	0	0	0	0	2017-06-29	2017-06-29	21:18:08	0	0											23842615241480355	80	IMPRESSIONS	APP_INSTALLS	2000	13	50				6003382313337;6003673102262	"Local news;Breaking news"	
23842605475190355	EliAds_UCNews_ID_3	23842605619310355	ID_MF_170602_1053_Interest_MB_Oi_Cim	23842605619300355	20170602_redGirlMusic2	0.02				42			42			42							197	0.101523	196	0	0	0	0	0	0	0	0	2017-06-29	2017-06-29	21:18:09	0	0	0.000741	27	21	36	26	23	21	20			23842605635890355	80	IMPRESSIONS	APP_INSTALLS	2000	13	50				6003382313337;6003673102262	"Local news;Breaking news"	
23842605475190355	EliAds_UCNews_ID_3	23842606778540355	ID_MF_170603_1012_Interest_BNs_MB_Oi_Cim	23842606778550355	20170602_quickNews	0.02				4			4			4							26	0.769231	26	0	0	0	0	0	0	0	0	2017-06-29	2017-06-29	21:18:10	0	0	0.02	1		3	1						23842606779020355	100	IMPRESSIONS	APP_INSTALLS	2000	13	50				6003673102262	"Breaking news"	
23842559803430355	EliAds_UCNews_ID	23842560768820355	ID_M_Aud_Oi_Cim_170222_2240_AB_EliAds	23842565229570355	Pic_4_5I	22.22	17	22	22	1750		3	1750	366			17	16	16	1.307059	1.01	1.01	35048	0.633988	31695	1381	0.01609	3.94031	1332	0.016682	4.202556	3	32	2017-06-29	2017-06-29	21:18:12	113	72											23842580310350355	0	IMPRESSIONS	APP_INSTALLS	7500	13	55	1			6003342288787;6003382313337;6003673102262	"Online newspaper;Local news;Breaking news"	4
23842559803430355	EliAds_UCNews_ID	23842618467480355	ID_MF_AB_Oi_Cim_170628_1240_samsung_combinationo	23842618467580355	20170628_samsung_combination	5.09	7	8	8	499			498	311			7	7	7	0.727143	0.63625	0.63625	9036	0.563302	8197	187	0.027219	2.0695	184	0.027663	2.244724	3	18	2017-06-29	2017-06-29	22:27:15	57	57											23842618471180355	0	IMPRESSIONS	APP_INSTALLS	2000	15	48						3
23842605475190355	EliAds_UCNews_ID_3	23842606778540355	ID_MF_170603_1012_Interest_BNs_MB_Oi_Cim	23842615233460355	20170619_testV1	0.03				2			2	1		1							41	0.731707	41	0	0	0	0	0	0	0	0	2017-06-29	2017-06-29	22:27:16	0	0	0.03	1		1	1						23842615237530355	100	IMPRESSIONS	APP_INSTALLS	2000	13	50				6003673102262	"Breaking news"	
23842605475190355	EliAds_UCNews_ID_3	23842605619310355	ID_MF_170602_1053_Interest_MB_Oi_Cim	23842615240600355	20170619_test3	0																	1	0	1	0	0	0	0	0	0	0	0	2017-06-29	2017-06-29	22:27:17	0	0											23842615241480355	80	IMPRESSIONS	APP_INSTALLS	2000	13	50				6003382313337;6003673102262	"Local news;Breaking news"	
23842605475190355	EliAds_UCNews_ID_3	23842605619310355	ID_MF_170602_1053_Interest_MB_Oi_Cim	23842605619300355	20170602_redGirlMusic2	0.02				42			42			42							197	0.101523	196	0	0	0	0	0	0	0	0	2017-06-29	2017-06-29	22:27:19	0	0	0.000741	27	21	36	26	23	21	20			23842605635890355	80	IMPRESSIONS	APP_INSTALLS	2000	13	50				6003382313337;6003673102262	"Local news;Breaking news"	
23842605475190355	EliAds_UCNews_ID_3	23842606778540355	ID_MF_170603_1012_Interest_BNs_MB_Oi_Cim	23842606778550355	20170602_quickNews	0.02				4			4			4							26	0.769231	26	0	0	0	0	0	0	0	0	2017-06-29	2017-06-29	22:27:20	0	0	0.02	1		3	1						23842606779020355	100	IMPRESSIONS	APP_INSTALLS	2000	13	50				6003673102262	"Breaking news"	
23842559803430355	EliAds_UCNews_ID	23842560768820355	ID_M_Aud_Oi_Cim_170222_2240_AB_EliAds	23842565229570355	Pic_4_5I	22.22	18	26	26	1750		3	1750	366			18	20	20	1.234444	0.854615	0.854615	35048	0.633988	31695	1381	0.01609	3.94031	1332	0.016682	4.202556	3	32	2017-06-29	2017-06-29	22:27:28	113	72											23842580310350355	0	IMPRESSIONS	APP_INSTALLS	7500	13	55	1			6003342288787;6003382313337;6003673102262	"Online newspaper;Local news;Breaking news"	4
23842559803430355	EliAds_UCNews_ID	23842618467480355	ID_MF_AB_Oi_Cim_170628_1240_samsung_combinationo	23842618467580355	20170628_samsung_combination	5.09	7	8	8	499			498	311			7	7	7	0.727143	0.63625	0.63625	9036	0.563302	8197	187	0.027219	2.0695	184	0.027663	2.244724	3	18	2017-06-29	2017-06-29	22:39:33	57	57											23842618471180355	0	IMPRESSIONS	APP_INSTALLS	2000	15	48						3
23842605475190355	EliAds_UCNews_ID_3	23842606778540355	ID_MF_170603_1012_Interest_BNs_MB_Oi_Cim	23842615233460355	20170619_testV1	0.03				2			2	1		1							41	0.731707	41	0	0	0	0	0	0	0	0	2017-06-29	2017-06-29	22:39:33	0	0	0.03	1		1	1						23842615237530355	100	IMPRESSIONS	APP_INSTALLS	2000	13	50				6003673102262	"Breaking news"	
23842605475190355	EliAds_UCNews_ID_3	23842605619310355	ID_MF_170602_1053_Interest_MB_Oi_Cim	23842615240600355	20170619_test3	0																	1	0	1	0	0	0	0	0	0	0	0	2017-06-29	2017-06-29	22:39:34	0	0											23842615241480355	80	IMPRESSIONS	APP_INSTALLS	2000	13	50				6003382313337;6003673102262	"Local news;Breaking news"	
23842605475190355	EliAds_UCNews_ID_3	23842605619310355	ID_MF_170602_1053_Interest_MB_Oi_Cim	23842605619300355	20170602_redGirlMusic2	0.02				42			42			42							197	0.101523	196	0	0	0	0	0	0	0	0	2017-06-29	2017-06-29	22:39:36	0	0	0.000741	27	21	36	26	23	21	20			23842605635890355	80	IMPRESSIONS	APP_INSTALLS	2000	13	50				6003382313337;6003673102262	"Local news;Breaking news"	
23842605475190355	EliAds_UCNews_ID_3	23842606778540355	ID_MF_170603_1012_Interest_BNs_MB_Oi_Cim	23842606778550355	20170602_quickNews	0.02				4			4			4							26	0.769231	26	0	0	0	0	0	0	0	0	2017-06-29	2017-06-29	22:39:37	0	0	0.02	1		3	1						23842606779020355	100	IMPRESSIONS	APP_INSTALLS	2000	13	50				6003673102262	"Breaking news"	
23842559803430355	EliAds_UCNews_ID	23842560768820355	ID_M_Aud_Oi_Cim_170222_2240_AB_EliAds	23842565229570355	Pic_4_5I	22.22	19	29	29	1750		3	1750	366			19	22	22	1.169474	0.766207	0.766207	35048	0.633988	31695	1381	0.01609	3.94031	1332	0.016682	4.202556	3	32	2017-06-29	2017-06-29	22:39:39	113	72											23842580310350355	0	IMPRESSIONS	APP_INSTALLS	7500	13	55	1			6003342288787;6003382313337;6003673102262	"Online newspaper;Local news;Breaking news"	4
23842559803430355	EliAds_UCNews_ID	23842618467480355	ID_MF_AB_Oi_Cim_170628_1240_samsung_combinationo	23842618467580355	20170628_samsung_combination	5.09	7	8	8	499			498	311			7	7	7	0.727143	0.63625	0.63625	9036	0.563302	8197	187	0.027219	2.0695	184	0.027663	2.244724	3	18	2017-06-29	2017-06-29	22:49:32	57	57											23842618471180355	0	IMPRESSIONS	APP_INSTALLS	2000	15	48						3
23842605475190355	EliAds_UCNews_ID_3	23842606778540355	ID_MF_170603_1012_Interest_BNs_MB_Oi_Cim	23842615233460355	20170619_testV1	0.03				2			2	1		1							41	0.731707	41	0	0	0	0	0	0	0	0	2017-06-29	2017-06-29	22:49:35	0	0	0.03	1		1	1						23842615237530355	100	IMPRESSIONS	APP_INSTALLS	2000	13	50				6003673102262	"Breaking news"	
23842605475190355	EliAds_UCNews_ID_3	23842605619310355	ID_MF_170602_1053_Interest_MB_Oi_Cim	23842615240600355	20170619_test3	0																	1	0	1	0	0	0	0	0	0	0	0	2017-06-29	2017-06-29	22:49:36	0	0											23842615241480355	80	IMPRESSIONS	APP_INSTALLS	2000	13	50				6003382313337;6003673102262	"Local news;Breaking news"	
23842605475190355	EliAds_UCNews_ID_3	23842605619310355	ID_MF_170602_1053_Interest_MB_Oi_Cim	23842605619300355	20170602_redGirlMusic2	0.02				42			42			42							197	0.101523	196	0	0	0	0	0	0	0	0	2017-06-29	2017-06-29	22:49:40	0	0	0.000741	27	21	36	26	23	21	20			23842605635890355	80	IMPRESSIONS	APP_INSTALLS	2000	13	50				6003382313337;6003673102262	"Local news;Breaking news"	
23842605475190355	EliAds_UCNews_ID_3	23842606778540355	ID_MF_170603_1012_Interest_BNs_MB_Oi_Cim	23842606778550355	20170602_quickNews	0.02				4			4			4							26	0.769231	26	0	0	0	0	0	0	0	0	2017-06-29	2017-06-29	22:49:40	0	0	0.02	1		3	1						23842606779020355	100	IMPRESSIONS	APP_INSTALLS	2000	13	50				6003673102262	"Breaking news"	
23842559803430355	EliAds_UCNews_ID	23842560768820355	ID_M_Aud_Oi_Cim_170222_2240_AB_EliAds	23842565229570355	Pic_4_5I	22.22	20	30	30	1750		3	1750	366			20	23	23	1.111	0.740667	0.740667	35048	0.633988	31695	1381	0.01609	3.94031	1332	0.016682	4.202556	3	32	2017-06-29	2017-06-29	22:49:42	113	72											23842580310350355	0	IMPRESSIONS	APP_INSTALLS	7500	13	55	1			6003342288787;6003382313337;6003673102262	"Online newspaper;Local news;Breaking news"	4
23842559803430355	EliAds_UCNews_ID	23842618467480355	ID_MF_AB_Oi_Cim_170628_1240_samsung_combinationo	23842618467580355	20170628_samsung_combination	5.09	7	8	8	499			498	311			7	7	7	0.727143	0.63625	0.63625	9036	0.563302	8197	187	0.027219	2.0695	184	0.027663	2.244724	3	18	2017-06-29	2017-06-29	23:18:00	57	57											23842618471180355	0	IMPRESSIONS	APP_INSTALLS	2000	15	48						3
23842605475190355	EliAds_UCNews_ID_3	23842606778540355	ID_MF_170603_1012_Interest_BNs_MB_Oi_Cim	23842615233460355	20170619_testV1	0.03				2			2	1		1							41	0.731707	41	0	0	0	0	0	0	0	0	2017-06-29	2017-06-29	23:18:00	0	0	0.03	1		1	1						23842615237530355	100	IMPRESSIONS	APP_INSTALLS	2000	13	50				6003673102262	"Breaking news"	
23842605475190355	EliAds_UCNews_ID_3	23842605619310355	ID_MF_170602_1053_Interest_MB_Oi_Cim	23842615240600355	20170619_test3	0																	1	0	1	0	0	0	0	0	0	0	0	2017-06-29	2017-06-29	23:18:01	0	0											23842615241480355	80	IMPRESSIONS	APP_INSTALLS	2000	13	50				6003382313337;6003673102262	"Local news;Breaking news"	
23842605475190355	EliAds_UCNews_ID_3	23842605619310355	ID_MF_170602_1053_Interest_MB_Oi_Cim	23842605619300355	20170602_redGirlMusic2	0.02				42			42			42							197	0.101523	196	0	0	0	0	0	0	0	0	2017-06-29	2017-06-29	23:18:02	0	0	0.000741	27	21	36	26	23	21	20			23842605635890355	80	IMPRESSIONS	APP_INSTALLS	2000	13	50				6003382313337;6003673102262	"Local news;Breaking news"	
23842605475190355	EliAds_UCNews_ID_3	23842606778540355	ID_MF_170603_1012_Interest_BNs_MB_Oi_Cim	23842606778550355	20170602_quickNews	0.02				4			4			4							26	0.769231	26	0	0	0	0	0	0	0	0	2017-06-29	2017-06-29	23:18:02	0	0	0.02	1		3	1						23842606779020355	100	IMPRESSIONS	APP_INSTALLS	2000	13	50				6003673102262	"Breaking news"	
23842559803430355	EliAds_UCNews_ID	23842560768820355	ID_M_Aud_Oi_Cim_170222_2240_AB_EliAds	23842565229570355	Pic_4_5I	22.22	20	30	30	1752		3	1752	366			20	23	23	1.111	0.740667	0.740667	35048	0.633988	31695	1383	0.016067	3.946017	1334	0.016657	4.208866	3	32	2017-06-29	2017-06-29	23:18:05	113	72											23842580310350355	0	IMPRESSIONS	APP_INSTALLS	7500	13	55	1			6003342288787;6003382313337;6003673102262	"Online newspaper;Local news;Breaking news"	4
23842559803430355	EliAds_UCNews_ID	23842618467480355	ID_MF_AB_Oi_Cim_170628_1240_samsung_combinationo	23842618467580355	20170628_samsung_combination	5.09	7	8	8	499			498	311			7	7	7	0.727143	0.63625	0.63625	9036	0.563302	8197	187	0.027219	2.0695	184	0.027663	2.244724	3	18	2017-06-29	2017-06-29	23:46:55	57	57											23842618471180355	0	IMPRESSIONS	APP_INSTALLS	2000	15	48						3
23842605475190355	EliAds_UCNews_ID_3	23842606778540355	ID_MF_170603_1012_Interest_BNs_MB_Oi_Cim	23842615233460355	20170619_testV1	0.03				2			2	1		1							41	0.731707	41	0	0	0	0	0	0	0	0	2017-06-29	2017-06-29	23:46:56	0	0	0.03	1		1	1						23842615237530355	100	IMPRESSIONS	APP_INSTALLS	2000	13	50				6003673102262	"Breaking news"	
23842605475190355	EliAds_UCNews_ID_3	23842605619310355	ID_MF_170602_1053_Interest_MB_Oi_Cim	23842615240600355	20170619_test3	0																	1	0	1	0	0	0	0	0	0	0	0	2017-06-29	2017-06-29	23:46:56	0	0											23842615241480355	80	IMPRESSIONS	APP_INSTALLS	2000	13	50				6003382313337;6003673102262	"Local news;Breaking news"	
23842605475190355	EliAds_UCNews_ID_3	23842605619310355	ID_MF_170602_1053_Interest_MB_Oi_Cim	23842605619300355	20170602_redGirlMusic2	0.02				42			42			42							197	0.101523	196	0	0	0	0	0	0	0	0	2017-06-29	2017-06-29	23:46:58	0	0	0.000741	27	21	36	26	23	21	20			23842605635890355	80	IMPRESSIONS	APP_INSTALLS	2000	13	50				6003382313337;6003673102262	"Local news;Breaking news"	
23842605475190355	EliAds_UCNews_ID_3	23842606778540355	ID_MF_170603_1012_Interest_BNs_MB_Oi_Cim	23842606778550355	20170602_quickNews	0.02				4			4			4							26	0.769231	26	0	0	0	0	0	0	0	0	2017-06-29	2017-06-29	23:46:58	0	0	0.02	1		3	1						23842606779020355	100	IMPRESSIONS	APP_INSTALLS	2000	13	50				6003673102262	"Breaking news"	
23842559803430355	EliAds_UCNews_ID	23842560768820355	ID_M_Aud_Oi_Cim_170222_2240_AB_EliAds	23842565229570355	Pic_4_5I	22.22	21	30	30	1752		3	1752	366			21	23	23	1.058095	0.740667	0.740667	35048	0.633988	31695	1383	0.016067	3.946017	1334	0.016657	4.208866	3	32	2017-06-29	2017-06-29	23:47:00	113	72											23842580310350355	0	IMPRESSIONS	APP_INSTALLS	7500	13	55	1			6003342288787;6003382313337;6003673102262	"Online newspaper;Local news;Breaking news"	4
